HHmmss,x,y,z,xg,yg,zg
212023,0.044,-0.095,-0.979,0.007,-0.063,0.001
212023,-0.017,-0.100,-0.992,-0.013,0.005,0.013
212023,0.007,-0.094,-0.977,-0.002,0.088,0.005
212023,-0.022,-0.079,-0.986,0.003,0.069,0.001
212023,0.080,-0.105,-1.024,0.006,-0.062,0.008
212023,0.001,-0.098,-0.982,0.013,-0.079,0.002
212023,0.014,-0.092,-0.992,0.007,0.017,0.003
212023,0.030,-0.108,-1.005,0.008,0.038,0.001
212023,0.036,-0.107,-0.997,0.003,-0.018,0.001
212023,0.023,-0.112,-0.993,0.013,-0.015,0.006
212023,0.017,-0.106,-1.008,0.015,-0.028,0.009
212023,0.034,-0.095,-0.998,0.004,-0.007,0.007
212024,0.008,-0.079,-1.019,0.000,0.012,0.006
212024,0.029,-0.103,-0.994,-0.006,-0.000,-0.007
212024,0.024,-0.103,-0.999,0.000,-0.030,0.003
212024,0.012,-0.100,-1.010,-0.006,0.002,0.003
212024,0.022,-0.093,-1.012,-0.002,-0.014,-0.000
212024,0.014,-0.092,-0.999,-0.008,0.004,0.003
212024,-0.010,-0.093,-1.010,-0.007,0.057,0.003
212024,0.051,-0.106,-1.001,-0.002,0.045,0.004
212024,0.007,-0.102,-0.978,0.013,-0.017,0.004
212024,0.017,-0.109,-1.010,0.005,-0.043,0.010
212024,-0.002,-0.093,-0.958,0.004,0.055,0.001
212024,0.054,-0.095,-1.042,0.012,0.033,-0.000
212024,0.022,-0.099,-0.980,-0.000,-0.021,0.004
212024,0.027,-0.118,-0.972,0.004,0.001,0.001
212024,0.045,-0.104,-0.995,0.003,-0.059,-0.003
212024,0.014,-0.106,-1.003,0.009,-0.016,0.001
212024,0.015,-0.115,-0.998,0.001,0.058,0.010
212024,0.039,-0.106,-1.021,0.009,0.051,0.003
212024,0.039,-0.105,-0.997,-0.002,-0.046,0.010
212024,0.014,-0.110,-0.989,0.009,-0.062,0.001
212024,0.035,-0.114,-1.027,-0.004,-0.052,0.007
212024,0.013,-0.117,-1.014,0.001,-0.001,0.007
212024,0.049,-0.098,-0.961,0.004,0.034,0.006
212024,0.021,-0.104,-1.023,0.002,0.031,0.001
212024,0.016,-0.095,-1.028,-0.001,0.027,0.005
212024,0.032,-0.102,-0.967,0.001,-0.041,0.002
212024,0.030,-0.115,-1.019,-0.002,-0.019,0.005
212024,0.019,-0.116,-1.000,-0.004,0.022,0.004
212024,0.017,-0.102,-0.991,0.002,0.017,0.007
212025,0.022,-0.118,-0.997,0.009,0.044,0.003
212025,0.060,-0.118,-1.013,0.006,0.036,0.004
212025,0.016,-0.102,-0.936,0.009,-0.123,0.007
212025,0.062,-0.112,-0.998,0.003,-0.040,0.002
212025,-0.025,-0.091,-0.955,-0.008,0.132,0.006
212025,0.024,-0.099,-1.014,0.013,0.018,0.003
212025,0.030,-0.111,-1.005,0.018,-0.033,0.001
212025,0.011,-0.090,-0.984,0.014,-0.034,0.003
212025,-0.009,-0.092,-0.988,0.004,-0.007,0.008
212025,0.053,-0.098,-1.023,0.005,0.052,0.003
212025,-0.028,-0.096,-0.970,0.021,0.109,0.002
212025,0.050,-0.120,-1.006,0.008,-0.010,0.002
212025,0.048,-0.123,-1.027,0.013,-0.071,0.004
212025,-0.028,-0.099,-0.990,0.018,-0.030,0.008
212025,0.037,-0.112,-1.015,0.018,-0.063,-0.001
212025,0.006,-0.111,-0.996,0.001,0.041,0.009
212025,0.022,-0.102,-0.974,-0.016,0.060,0.002
212025,0.023,-0.108,-1.020,-0.014,0.016,0.004
212025,0.024,-0.117,-1.009,-0.003,-0.013,0.001
212025,0.031,-0.112,-0.949,-0.008,-0.053,0.004
212025,0.060,-0.106,-1.022,-0.003,-0.013,-0.001
212025,0.021,-0.109,-0.977,0.002,0.020,-0.001
212025,0.014,-0.090,-0.970,-0.005,0.035,0.006
212025,0.036,-0.104,-1.013,-0.009,-0.013,0.005
212025,0.018,-0.103,-0.978,0.004,-0.022,0.005
212025,0.016,-0.104,-0.961,0.005,-0.062,-0.003
212025,0.018,-0.105,-1.028,0.004,0.011,0.007
212025,-0.015,-0.094,-0.946,-0.005,0.075,0.009
212026,0.065,-0.115,-1.020,0.002,-0.018,0.007
212026,-0.017,-0.095,-0.999,0.010,0.080,0.006
212026,0.061,-0.109,-1.009,0.007,-0.055,0.001
212026,0.004,-0.120,-0.951,0.000,-0.012,0.014
212026,0.062,-0.128,-1.003,0.011,0.026,0.000
212026,-0.011,-0.101,-0.935,0.006,0.075,-0.004
212026,0.040,-0.111,-1.042,0.006,-0.033,0.005
212026,-0.017,-0.098,-0.975,0.010,0.029,0.007
212026,0.047,-0.099,-1.008,0.009,-0.043,-0.000
212026,-0.031,-0.089,-0.986,0.004,-0.030,0.007
212026,0.051,-0.109,-1.046,0.007,0.095,-0.002
212026,0.016,-0.098,-0.964,0.005,0.052,0.006
212026,0.066,-0.115,-1.026,0.016,-0.099,0.006
212026,0.016,-0.116,-0.966,0.011,-0.052,0.004
212026,0.011,-0.093,-0.991,-0.001,0.033,0.007
212026,-0.012,-0.087,-1.048,0.005,0.097,0.003
212026,0.038,-0.099,-0.993,0.007,0.016,0.001
212026,-0.002,-0.091,-1.017,0.006,-0.030,0.006
212026,0.037,-0.101,-1.038,0.005,-0.054,0.006
212026,0.027,-0.093,-0.990,0.001,0.010,-0.000
212026,0.030,-0.098,-1.010,0.007,0.021,0.001
212026,0.029,-0.118,-0.984,0.001,0.040,0.005
212026,0.039,-0.097,-1.004,-0.001,0.000,0.005
212026,0.039,-0.114,-1.007,0.011,-0.018,0.006
212026,0.028,-0.116,-0.985,0.007,0.035,0.005
212026,0.009,-0.106,-0.982,0.005,-0.027,0.002
212026,0.012,-0.118,-1.003,0.001,0.103,0.006
212026,0.044,-0.102,-1.014,0.005,-0.006,0.004
212026,-0.012,-0.076,-0.972,0.004,-0.088,0.006
212027,0.043,-0.100,-1.019,-0.001,-0.006,0.007
212027,0.036,-0.106,-0.992,-0.008,0.039,0.006
212027,0.038,-0.121,-0.998,-0.010,0.045,0.010
212027,0.011,-0.129,-0.967,-0.014,0.041,0.005
212027,0.057,-0.125,-1.001,-0.008,0.052,0.000
212027,0.017,-0.095,-0.965,-0.010,-0.018,-0.000
212027,0.026,-0.112,-1.009,0.003,-0.030,0.004
212027,0.018,-0.097,-0.991,-0.005,0.024,0.007
212027,-0.010,-0.092,-0.970,0.001,0.059,-0.004
212027,0.066,-0.112,-1.009,0.006,0.048,0.005
212027,0.011,-0.116,-0.952,0.003,-0.073,0.003
212027,-0.019,-0.109,-0.963,0.008,-0.072,0.006
212027,0.001,-0.098,-0.984,0.003,0.050,0.010
212027,0.017,-0.098,-0.948,0.009,0.049,-0.002
212027,0.036,-0.110,-1.008,0.004,-0.038,0.003
212027,-0.001,-0.114,-0.971,0.002,0.031,0.004
212027,0.037,-0.106,-0.975,0.003,-0.048,0.002
212027,-0.025,-0.099,-0.983,0.012,0.003,0.003
212027,0.032,-0.104,-1.011,0.007,0.031,0.005
212027,0.002,-0.100,-0.971,0.008,0.059,-0.002
212027,0.047,-0.114,-1.042,0.005,-0.015,0.004
212027,0.019,-0.118,-0.993,0.010,-0.024,0.004
212027,0.038,-0.117,-1.000,0.012,-0.070,0.010
212027,0.002,-0.109,-0.980,0.006,-0.015,0.006
212027,0.029,-0.111,-0.967,0.003,0.072,-0.003
212027,0.001,-0.087,-1.029,0.001,0.070,0.006
212027,0.021,-0.095,-1.019,0.006,0.038,0.000
212027,0.030,-0.126,-1.027,0.002,-0.083,0.002
212028,0.004,-0.106,-0.977,0.005,-0.071,0.006
212028,0.017,-0.104,-1.037,-0.011,0.073,0.008
212028,0.066,-0.109,-0.987,-0.000,0.048,-0.001
212028,-0.011,-0.104,-0.975,0.013,0.051,0.003
212028,0.045,-0.110,-0.991,0.014,-0.036,-0.004
212028,0.046,-0.120,-0.955,0.008,-0.049,0.005
212028,0.016,-0.117,-1.002,0.016,-0.012,0.009
212028,0.030,-0.109,-0.995,0.014,-0.011,-0.002
212028,0.019,-0.092,-1.004,0.006,-0.048,0.003
212028,-0.006,-0.097,-1.031,0.017,0.020,0.004
212028,-0.018,-0.089,-0.999,0.013,-0.018,0.000
212028,0.061,-0.096,-0.997,0.005,-0.018,0.009
212028,-0.031,-0.092,-0.968,0.007,-0.048,0.006
212028,0.040,-0.099,-1.060,0.007,0.069,0.005
212028,0.006,-0.099,-0.983,-0.000,0.087,0.004
212028,0.014,-0.095,-1.001,-0.003,0.013,0.001
212028,0.032,-0.107,-1.018,-0.000,-0.046,0.004
212028,0.010,-0.107,-1.026,0.005,-0.035,0.002
212028,0.016,-0.111,-0.994,0.006,0.036,0.001
212028,0.064,-0.123,-0.966,0.002,0.008,0.002
212028,-0.008,-0.104,-1.009,0.007,0.000,0.003
212028,0.037,-0.108,-1.045,0.003,-0.080,0.004
212028,0.002,-0.118,-0.974,0.004,-0.066,0.003
212028,0.043,-0.108,-1.005,-0.010,0.097,0.008
212028,0.041,-0.116,-1.018,0.004,0.101,0.006
212028,0.033,-0.117,-1.002,0.019,0.013,0.006
212028,0.021,-0.100,-1.027,0.009,-0.084,0.006
212028,-0.006,-0.099,-0.997,-0.004,-0.007,0.007
212028,0.011,-0.089,-1.004,-0.006,0.041,0.006
212029,0.013,-0.096,-0.998,-0.001,0.051,0.001
212029,0.056,-0.114,-1.005,-0.006,0.058,0.002
212029,0.017,-0.105,-0.984,-0.001,0.024,0.005
212029,0.057,-0.112,-1.029,-0.002,-0.014,0.002
212029,0.008,-0.101,-0.984,-0.002,0.014,0.014
212029,0.040,-0.102,-0.966,-0.007,0.018,0.008
212029,0.024,-0.094,-0.996,0.003,0.098,0.001
212029,0.032,-0.101,-1.024,0.014,0.039,0.010
212029,0.034,-0.109,-0.966,0.019,-0.099,0.004
212029,0.044,-0.104,-1.018,0.013,-0.058,0.003
212029,0.003,-0.106,-0.982,0.002,0.063,0.010
212029,-0.001,-0.092,-1.000,0.002,0.050,0.002
212029,0.035,-0.106,-1.019,0.006,0.014,0.003
212029,0.001,-0.095,-1.008,0.015,-0.036,0.004
212029,0.018,-0.110,-0.959,0.010,-0.016,0.005
212029,0.004,-0.115,-0.965,0.001,0.058,0.005
212029,0.057,-0.116,-0.972,0.000,0.020,0.002
212029,0.007,-0.109,-1.013,-0.003,-0.000,-0.003
212029,0.043,-0.109,-0.998,-0.003,0.009,0.005
212029,-0.006,-0.093,-0.999,-0.002,-0.113,-0.006
212029,-0.027,-0.094,-1.004,-0.013,-0.009,0.007
212029,-0.027,-0.106,-0.943,-0.003,0.168,0.012
212029,0.067,-0.140,-0.985,0.016,-0.001,-0.003
212029,0.027,-0.113,-0.980,0.007,-0.062,0.006
212029,0.020,-0.122,-0.972,0.009,-0.049,0.003
212029,0.031,-0.101,-0.962,0.003,0.002,-0.004
212029,0.014,-0.088,-1.042,0.003,0.070,0.003
212029,0.027,-0.099,-1.018,0.005,-0.012,0.007
212030,0.017,-0.076,-0.995,0.007,-0.044,-0.005
212030,0.066,-0.110,-1.027,0.010,-0.063,0.009
212030,-0.025,-0.126,-0.950,0.004,-0.088,0.004
212030,0.025,-0.096,-0.975,-0.024,0.058,0.003
212030,0.013,-0.104,-1.060,-0.003,0.220,0.005
212030,0.042,-0.103,-0.987,0.003,0.013,0.003
212030,0.013,-0.097,-1.009,-0.002,-0.050,0.006
212030,0.022,-0.092,-0.992,0.015,-0.038,0.001
212030,0.023,-0.109,-0.989,0.016,-0.027,0.003
212030,0.013,-0.109,-1.009,0.014,-0.005,0.001
212030,0.010,-0.105,-0.994,0.014,-0.011,-0.002
212030,0.058,-0.101,-1.001,0.015,-0.061,0.002
212030,0.016,-0.101,-0.994,0.003,-0.016,0.007
212030,0.033,-0.107,-1.006,0.007,-0.024,0.008
212030,0.001,-0.106,-0.980,-0.002,0.016,0.005
212030,0.032,-0.104,-1.019,0.002,0.067,0.006
212030,0.034,-0.107,-1.019,0.006,0.095,0.007
212030,0.045,-0.126,-1.002,0.006,-0.039,0.003
212030,0.017,-0.106,-1.008,0.002,-0.043,0.003
212030,0.017,-0.100,-0.984,-0.000,-0.002,0.006
212030,0.002,-0.089,-1.010,-0.000,0.046,0.002
212030,0.029,-0.103,-1.019,0.010,0.009,-0.000
212030,-0.004,-0.099,-1.009,0.008,0.040,0.001
212030,0.021,-0.103,-1.019,0.005,-0.021,0.004
212030,0.059,-0.118,-0.987,0.013,-0.086,0.003
212030,0.021,-0.109,-0.955,0.002,0.026,0.001
212030,0.053,-0.107,-0.990,-0.006,0.065,0.007
212030,0.022,-0.111,-0.994,-0.001,0.045,0.005
212030,0.021,-0.095,-0.969,0.008,-0.047,0.002
212031,0.017,-0.101,-1.007,-0.007,0.006,0.007
212031,0.026,-0.095,-1.010,0.001,0.030,0.010
212031,-0.034,-0.090,-0.993,0.001,0.046,0.002
212031,0.035,-0.105,-1.012,-0.002,0.045,0.000
212031,0.022,-0.100,-0.989,0.006,-0.026,0.005
212031,0.001,-0.100,-0.979,0.004,-0.060,0.005
212031,0.033,-0.106,-1.026,-0.005,-0.003,0.005
212031,0.003,-0.104,-0.961,-0.003,0.059,0.001
212031,0.012,-0.110,-1.007,-0.005,0.081,-0.000
212031,0.006,-0.098,-1.041,0.007,0.020,0.002
212031,0.033,-0.105,-1.002,0.004,-0.034,0.005
212031,0.011,-0.106,-0.971,0.010,-0.028,-0.003
212031,-0.006,-0.098,-0.987,0.003,0.034,0.005
212031,0.028,-0.094,-1.002,0.004,0.024,0.006
212031,0.026,-0.099,-1.001,0.002,0.026,0.005
212031,0.008,-0.108,-0.976,0.003,-0.050,0.003
212031,0.012,-0.107,-0.970,0.004,-0.003,0.012
212031,0.037,-0.099,-0.998,-0.002,0.018,0.008
212031,0.011,-0.111,-0.982,-0.010,0.071,0.006
212031,0.038,-0.096,-1.010,-0.010,0.015,0.010
212031,0.018,-0.110,-1.018,0.001,-0.055,0.001
212031,0.048,-0.115,-0.979,-0.005,-0.073,0.005
212031,0.028,-0.094,-0.966,-0.006,-0.014,0.009
212031,0.047,-0.101,-1.005,-0.012,0.064,0.003
212031,0.013,-0.108,-0.991,-0.010,0.088,0.007
212031,0.001,-0.098,-0.991,-0.010,0.048,0.005
212031,0.030,-0.092,-1.019,0.005,-0.059,0.004
212031,0.015,-0.104,-0.978,-0.001,-0.014,0.007
212032,0.024,-0.102,-1.012,0.004,0.050,0.001
212032,0.038,-0.113,-1.000,0.007,0.099,0.003
212032,0.032,-0.098,-1.013,-0.000,-0.024,0.007
212032,0.025,-0.115,-0.988,0.004,-0.020,0.009
212032,0.004,-0.109,-0.994,-0.006,-0.045,-0.001
212032,0.012,-0.087,-0.983,0.000,0.033,0.011
212032,0.047,-0.110,-1.034,0.002,0.044,0.001
212032,-0.010,-0.105,-0.997,-0.001,-0.036,0.004
212032,0.030,-0.115,-1.012,-0.008,-0.037,0.011
212032,0.041,-0.122,-1.004,-0.007,0.008,0.001
212032,-0.003,-0.094,-0.983,-0.005,0.103,0.006
212032,-0.004,-0.099,-1.013,-0.005,0.095,0.000
212032,0.025,-0.110,-0.999,-0.001,0.019,0.001
212032,0.010,-0.115,-1.009,0.003,0.024,0.005
212032,0.008,-0.116,-1.012,0.017,-0.072,0.006
212032,0.024,-0.118,-1.017,0.014,-0.083,0.003
212032,0.045,-0.100,-0.960,0.008,0.060,0.002
212032,0.034,-0.106,-1.032,0.013,0.058,0.001
212032,0.018,-0.115,-0.977,0.009,-0.016,0.005
212032,0.024,-0.106,-0.982,0.011,0.007,0.015
212032,0.063,-0.125,-0.998,0.014,-0.065,0.001
212032,-0.000,-0.114,-0.995,0.009,-0.003,0.008
212032,0.022,-0.107,-0.969,0.002,0.051,-0.001
212032,0.025,-0.110,-1.024,-0.012,0.049,0.003
212032,0.024,-0.093,-1.018,-0.010,0.011,0.006
212032,0.008,-0.101,-0.964,-0.007,0.008,0.012
212032,0.055,-0.119,-0.976,-0.009,-0.017,-0.000
212032,0.012,-0.107,-0.975,-0.012,0.044,0.006
212032,0.011,-0.109,-0.994,-0.008,0.050,0.007
212033,0.023,-0.117,-1.009,0.001,-0.001,0.000
212033,0.026,-0.108,-0.979,0.008,-0.119,0.008
212033,-0.005,-0.095,-0.966,0.011,-0.021,0.003
212033,0.035,-0.121,-0.962,-0.004,0.063,0.000
212033,0.006,-0.118,-0.977,0.003,0.063,0.003
212033,0.050,-0.119,-1.003,0.004,-0.007,0.003
212033,0.024,-0.116,-0.988,0.012,-0.086,0.004
212033,0.019,-0.099,-0.974,0.007,-0.081,0.007
212033,0.001,-0.106,-0.984,-0.002,0.009,0.010
212033,0.008,-0.100,-0.970,-0.001,0.114,0.003
212033,-0.018,-0.090,-1.011,0.007,0.066,0.004
212033,0.059,-0.111,-1.018,0.018,-0.083,0.003
212033,-0.019,-0.118,-0.960,0.005,-0.078,-0.002
212033,0.008,-0.103,-0.980,-0.005,0.045,0.009
212033,0.033,-0.113,-0.987,-0.001,0.063,0.004
212033,0.032,-0.084,-0.950,0.007,-0.010,-0.004
212033,-0.006,-0.089,-0.987,0.001,0.003,0.002
212033,0.032,-0.101,-0.979,-0.006,-0.083,0.005
212033,0.051,-0.108,-0.961,-0.011,-0.072,0.004
212033,-0.017,-0.107,-0.959,-0.005,0.032,0.008
212033,0.063,-0.123,-0.974,-0.001,0.040,0.002
212033,0.015,-0.109,-0.942,-0.007,0.006,0.004
212033,0.044,-0.114,-0.992,-0.003,-0.062,0.011
212033,-0.002,-0.093,-0.961,-0.003,-0.035,-0.001
212033,0.048,-0.091,-1.000,-0.000,-0.031,0.005
212033,0.015,-0.101,-0.964,-0.008,0.033,0.006
212033,0.055,-0.105,-0.953,0.002,0.043,0.005
212033,0.012,-0.089,-0.972,-0.007,-0.062,0.002
212034,0.028,-0.092,-0.982,-0.001,-0.074,0.007
212034,0.008,-0.097,-0.942,-0.004,0.013,0.004
212034,0.005,-0.092,-0.971,0.001,0.068,0.001
212034,0.043,-0.113,-0.954,-0.002,0.005,-0.001
212034,0.019,-0.102,-0.958,0.003,0.044,0.001
212034,0.012,-0.100,-0.966,0.012,-0.054,0.005
212034,0.019,-0.103,-0.982,0.006,-0.092,0.001
212034,0.013,-0.104,-0.915,-0.005,0.040,0.006
212034,0.031,-0.102,-0.975,0.002,0.144,0.001
212034,0.052,-0.112,-0.962,-0.011,-0.072,0.007
212034,-0.009,-0.105,-0.924,-0.002,-0.087,0.006
212034,0.005,-0.113,-0.962,-0.007,0.037,0.002
212034,0.043,-0.098,-0.942,-0.009,-0.004,0.004
212034,0.009,-0.089,-0.945,-0.010,0.018,0.005
212034,0.008,-0.092,-0.976,-0.001,0.101,0.003
212034,0.051,-0.102,-0.972,-0.007,-0.075,-0.002
212034,-0.027,-0.104,-0.907,-0.006,-0.082,0.003
212034,0.022,-0.108,-0.933,-0.000,0.035,0.004
212034,0.017,-0.111,-0.929,0.002,0.080,0.009
212034,-0.015,-0.087,-0.948,0.001,0.107,0.003
212034,0.037,-0.090,-0.969,-0.002,0.029,-0.006
212034,0.040,-0.099,-0.958,-0.008,-0.124,0.010
212034,-0.001,-0.101,-0.927,0.002,-0.089,0.001
212034,-0.005,-0.105,-0.888,-0.023,0.130,0.001
212034,0.035,-0.102,-0.985,-0.011,0.014,0.005
212034,0.014,-0.092,-0.959,-0.003,-0.056,0.002
212034,0.038,-0.095,-0.965,0.003,-0.044,0.006
212034,-0.009,-0.084,-0.924,-0.007,-0.005,0.005
212034,0.035,-0.105,-0.977,-0.008,0.103,0.007
212035,0.030,-0.092,-0.941,-0.002,0.045,0.001
212035,0.011,-0.094,-0.972,-0.002,0.004,0.002
212035,0.041,-0.101,-0.959,0.000,-0.078,0.001
212035,0.013,-0.103,-0.952,-0.002,-0.063,-0.002
212035,0.033,-0.094,-0.968,-0.006,-0.012,0.004
212035,0.028,-0.089,-0.979,-0.015,0.023,0.009
212035,0.028,-0.101,-0.930,-0.012,0.033,-0.001
212035,0.026,-0.106,-0.962,-0.017,0.016,0.006
212035,0.030,-0.101,-0.942,-0.012,-0.012,0.008
212035,-0.012,-0.091,-0.939,-0.009,-0.025,-0.002
212035,0.015,-0.087,-0.983,-0.016,0.021,0.011
212035,0.034,-0.098,-0.992,-0.009,0.069,-0.001
212035,0.004,-0.081,-0.972,-0.009,0.031,0.004
212035,0.045,-0.101,-0.968,0.006,-0.084,-0.003
212035,0.040,-0.107,-0.940,0.001,-0.085,0.001
212035,0.022,-0.094,-0.939,-0.011,0.021,0.011
212035,0.001,-0.090,-0.964,-0.006,0.089,0.000
212035,0.028,-0.107,-0.959,0.011,0.023,0.001
212035,0.008,-0.090,-0.983,0.006,-0.020,0.010
212035,0.030,-0.084,-0.992,-0.000,-0.042,0.007
212035,-0.003,-0.072,-0.968,0.003,0.020,0.007
212035,0.004,-0.088,-0.980,0.005,-0.016,-0.000
212035,0.003,-0.095,-0.975,-0.000,0.029,0.005
212035,0.039,-0.094,-0.964,-0.007,-0.024,0.006
212035,0.002,-0.101,-0.982,0.002,-0.052,0.011
212035,0.049,-0.101,-0.983,0.000,-0.059,-0.001
212035,0.001,-0.087,-0.978,-0.009,0.077,0.008
212035,0.032,-0.104,-1.039,-0.002,0.024,0.004
212036,0.024,-0.100,-0.968,0.005,-0.013,0.001
212036,0.008,-0.083,-0.947,0.007,-0.095,-0.001
212036,0.034,-0.087,-1.011,0.012,-0.092,0.004
212036,-0.012,-0.091,-0.960,0.002,0.078,0.006
212036,0.020,-0.091,-1.012,0.012,0.069,-0.002
212036,0.065,-0.106,-1.008,-0.003,-0.005,0.007
212036,0.020,-0.117,-0.926,0.002,-0.146,0.006
212036,-0.001,-0.094,-0.978,0.003,-0.022,0.011
212036,0.010,-0.111,-0.976,0.008,0.076,0.001
212036,-0.007,-0.098,-0.967,0.005,0.107,-0.001
212036,0.032,-0.099,-1.010,-0.007,-0.042,0.002
212036,-0.001,-0.088,-1.003,0.016,-0.109,0.003
212036,0.002,-0.100,-0.946,0.001,-0.003,0.005
212036,0.053,-0.108,-1.029,-0.004,0.070,0.009
212036,0.014,-0.098,-0.975,0.015,0.022,0.005
212036,-0.007,-0.082,-0.999,0.005,0.056,0.003
212036,0.035,-0.073,-1.058,0.001,0.029,0.003
212036,-0.013,-0.074,-0.990,0.013,-0.115,0.004
212036,-0.005,-0.090,-0.970,0.004,0.009,0.000
212036,0.045,-0.092,-1.027,-0.000,0.063,0.004
212036,-0.004,-0.082,-0.972,-0.002,0.053,0.010
212036,0.008,-0.076,-0.982,-0.004,0.056,0.003
212036,0.022,-0.091,-1.050,0.004,0.014,-0.002
212036,0.003,-0.087,-1.011,0.010,-0.100,0.010
212036,-0.014,-0.088,-0.940,-0.004,0.015,0.008
212036,0.063,-0.117,-1.086,0.004,0.183,0.003
212036,0.017,-0.088,-0.998,-0.004,-0.024,0.002
212036,0.010,-0.097,-1.027,-0.003,-0.096,0.004
212036,0.047,-0.111,-0.998,0.001,-0.054,0.006
212037,0.010,-0.100,-0.995,-0.004,0.023,0.009
212037,-0.004,-0.105,-1.027,-0.000,0.076,0.002
212037,0.022,-0.107,-1.032,0.007,0.093,0.005
212037,0.026,-0.098,-1.023,-0.004,-0.055,0.004
212037,0.001,-0.107,-1.015,0.004,-0.023,0.009
212037,0.027,-0.102,-1.026,0.008,-0.050,0.001
212037,0.017,-0.082,-0.978,0.009,0.041,0.003
212037,0.051,-0.108,-1.013,-0.005,0.049,0.005
212037,0.034,-0.105,-1.012,0.011,-0.002,0.010
212037,0.015,-0.096,-1.021,-0.000,-0.027,0.009
212037,0.032,-0.107,-1.008,0.008,-0.027,0.005
212037,0.025,-0.091,-0.976,-0.004,0.012,0.010
212037,-0.010,-0.083,-0.977,0.002,-0.005,0.002
212037,0.028,-0.105,-0.992,0.010,0.022,0.004
212037,0.012,-0.089,-0.968,0.012,-0.007,-0.002
212037,0.032,-0.106,-0.989,0.012,0.000,0.010
212037,0.041,-0.110,-1.002,0.005,-0.011,0.007
212037,0.003,-0.111,-0.972,0.003,0.059,0.009
212037,0.023,-0.118,-0.992,-0.002,0.035,0.005
212037,0.017,-0.105,-1.008,0.012,0.012,0.004
212037,0.010,-0.091,-0.999,0.006,-0.030,0.003
212037,0.017,-0.108,-1.013,0.004,-0.013,0.001
212037,0.024,-0.099,-1.018,-0.002,-0.012,0.006
212037,0.025,-0.115,-0.995,0.005,-0.050,0.006
212037,0.032,-0.120,-1.020,0.000,-0.022,0.003
212037,0.025,-0.111,-1.014,-0.003,0.019,0.006
212037,0.034,-0.116,-0.992,0.003,0.005,0.001
212037,0.049,-0.108,-1.002,0.004,-0.026,0.005
212038,0.021,-0.104,-0.996,0.000,0.006,0.009
212038,0.025,-0.113,-0.998,0.010,-0.027,0.002
212038,0.058,-0.108,-0.995,0.019,0.004,0.003
212038,-0.003,-0.116,-0.996,0.014,-0.008,0.011
212038,0.044,-0.107,-0.978,0.007,-0.048,0.005
212038,0.038,-0.124,-0.971,0.017,-0.001,0.005
212038,-0.002,-0.105,-0.960,0.017,0.106,0.006
212038,0.001,-0.094,-1.053,0.009,-0.030,0.000
212038,0.033,-0.104,-0.991,0.006,-0.029,0.003
212038,0.004,-0.108,-0.996,0.008,-0.052,0.002
212038,0.017,-0.089,-0.983,0.003,0.008,0.001
212038,-0.023,-0.117,-0.967,0.001,0.085,0.005
212038,0.041,-0.092,-1.016,0.001,-0.001,0.002
212038,0.018,-0.118,-1.010,0.005,-0.064,0.007
212038,0.021,-0.114,-0.964,-0.007,-0.042,0.012
212038,0.011,-0.095,-1.006,-0.007,-0.025,-0.002
212038,0.003,-0.117,-1.013,0.002,0.059,0.008
212038,-0.034,-0.097,-0.979,-0.001,0.113,0.004
212038,0.043,-0.105,-1.025,0.009,-0.039,0.004
212038,0.005,-0.114,-0.991,0.006,-0.100,0.004
212038,0.023,-0.100,-0.978,0.006,-0.018,0.003
212038,0.057,-0.109,-1.001,0.004,0.041,0.004
212038,0.026,-0.131,-0.992,0.001,0.046,0.006
212038,0.034,-0.126,-1.000,0.004,-0.027,0.003
212038,0.017,-0.119,-0.992,0.006,-0.030,0.003
212038,0.055,-0.123,-1.006,0.003,-0.071,0.004
212038,0.000,-0.117,-0.973,-0.008,-0.055,0.002
212038,0.025,-0.102,-1.013,-0.009,0.104,0.013
212038,0.066,-0.122,-0.992,0.001,0.036,0.005
212039,0.031,-0.122,-1.014,0.005,-0.064,0.003
212039,0.018,-0.118,-1.008,0.004,-0.050,0.004
212039,0.012,-0.110,-0.970,-0.002,-0.022,0.004
212039,0.056,-0.096,-0.999,-0.002,0.069,0.008
212039,0.022,-0.115,-0.999,0.002,0.058,0.004
212039,0.022,-0.116,-0.980,0.002,0.018,0.005
212039,0.001,-0.114,-0.994,-0.001,0.064,0.006
212039,0.050,-0.117,-0.989,0.006,0.007,0.008
212039,-0.008,-0.119,-0.995,0.007,-0.014,-0.001
212039,0.044,-0.116,-0.990,0.004,0.032,0.006
212039,0.029,-0.121,-1.009,-0.002,0.017,-0.000
212039,0.011,-0.115,-0.964,-0.001,-0.029,0.004
212039,-0.020,-0.108,-1.009,0.001,-0.003,0.007
212039,0.065,-0.115,-0.996,0.015,-0.098,0.007
212039,-0.001,-0.115,-0.967,0.002,-0.011,0.001
212039,0.016,-0.103,-1.018,0.001,0.100,0.003
212039,0.037,-0.108,-1.009,0.004,0.063,-0.002
212039,0.005,-0.119,-0.968,0.006,-0.017,0.009
212039,0.032,-0.118,-1.020,-0.004,-0.034,0.009
212039,0.008,-0.121,-0.969,-0.003,0.012,0.008
212039,0.033,-0.110,-0.994,-0.004,0.084,0.008
212039,0.004,-0.103,-1.020,0.004,0.039,-0.002
212039,0.037,-0.116,-0.982,-0.000,-0.064,0.005
212039,0.005,-0.097,-0.984,0.006,-0.057,0.002
212039,0.019,-0.104,-1.003,-0.003,-0.027,0.003
212039,0.009,-0.103,-0.990,-0.004,0.015,0.009
212039,0.021,-0.106,-0.995,0.004,0.020,0.005
212039,0.036,-0.117,-0.995,0.007,-0.002,0.007
212040,-0.010,-0.112,-1.002,0.015,-0.036,0.004
212040,0.012,-0.095,-0.986,0.009,-0.064,0.000
212040,0.023,-0.105,-1.002,0.013,-0.019,0.005
212040,0.010,-0.099,-0.985,0.007,0.034,0.007
212040,-0.005,-0.122,-0.992,0.010,0.046,0.007
212040,0.046,-0.113,-1.005,0.009,0.013,0.005
212040,-0.005,-0.101,-0.984,0.022,-0.063,0.003
212040,0.012,-0.108,-0.988,0.006,-0.061,0.006
212040,0.002,-0.098,-0.996,-0.002,0.014,0.004
212040,0.003,-0.102,-0.991,-0.001,0.045,0.004
212040,0.031,-0.112,-1.024,-0.000,-0.063,-0.001
212040,0.025,-0.120,-0.985,-0.005,-0.036,0.002
212040,0.028,-0.119,-0.985,0.000,-0.022,0.004
212040,0.031,-0.112,-1.007,0.001,0.002,0.002
212040,0.020,-0.110,-0.979,0.002,-0.002,0.003
212040,0.027,-0.101,-0.982,-0.000,-0.008,0.001
212040,0.013,-0.107,-1.012,0.010,0.023,0.004
212040,0.027,-0.107,-1.001,0.012,-0.036,0.005
212040,0.017,-0.115,-0.985,0.011,-0.007,0.002
212040,0.010,-0.112,-1.027,0.015,0.034,0.011
212040,0.003,-0.121,-0.973,0.019,-0.009,0.002
212040,0.022,-0.124,-0.994,0.017,-0.035,-0.004
212040,0.044,-0.114,-0.999,0.006,0.013,0.011
212040,-0.027,-0.098,-0.991,0.007,-0.067,0.005
212040,0.015,-0.100,-0.996,-0.004,0.048,0.003
212040,0.021,-0.112,-1.009,-0.004,0.068,0.005
212040,0.012,-0.107,-0.981,0.001,0.031,-0.002
212040,-0.017,-0.112,-1.015,-0.005,0.013,0.006
212040,0.054,-0.109,-1.011,-0.001,-0.036,0.004
212041,0.003,-0.116,-0.984,-0.003,-0.038,-0.001
212041,0.025,-0.117,-1.009,-0.006,0.059,0.006
212041,0.054,-0.121,-1.000,-0.009,0.071,0.002
212041,0.020,-0.127,-0.965,0.002,0.023,0.000
212041,0.024,-0.118,-0.981,0.004,0.012,0.009
212041,0.020,-0.114,-1.027,0.006,-0.116,-0.006
212041,0.036,-0.113,-0.967,0.006,-0.052,0.008
212041,0.001,-0.115,-0.998,0.007,0.049,0.010
212041,0.051,-0.116,-1.011,0.013,0.081,0.000
212041,0.008,-0.109,-0.995,0.008,-0.021,0.000
212041,0.028,-0.110,-1.008,0.006,-0.022,0.008
212041,-0.015,-0.099,-0.995,0.012,0.001,0.002
212041,0.030,-0.114,-0.981,0.004,0.064,0.002
212041,0.049,-0.124,-1.005,-0.002,0.082,0.002
212041,0.022,-0.125,-0.978,-0.002,0.015,0.004
212041,0.024,-0.114,-1.018,0.006,-0.086,0.005
212041,0.041,-0.110,-0.984,0.000,-0.065,0.002
212041,-0.015,-0.112,-0.964,-0.011,0.088,0.003
212041,0.016,-0.107,-1.023,-0.001,0.095,0.005
212041,0.033,-0.113,-0.998,-0.001,0.020,0.007
212041,0.026,-0.116,-0.971,0.002,-0.004,0.004
212041,0.007,-0.112,-1.019,-0.004,-0.004,0.004
212041,0.022,-0.114,-1.008,0.001,-0.019,0.008
212041,0.038,-0.118,-0.991,-0.005,0.046,0.009
212041,0.004,-0.107,-1.008,-0.001,0.063,0.006
212041,0.047,-0.118,-0.980,-0.009,0.008,0.001
212041,0.004,-0.118,-0.969,-0.008,-0.006,0.008
212041,0.018,-0.103,-1.015,-0.006,-0.065,0.003
212042,-0.000,-0.122,-0.991,0.007,-0.036,-0.000
212042,0.043,-0.111,-0.980,-0.003,0.035,0.004
212042,0.020,-0.112,-1.015,-0.003,0.022,-0.000
212042,0.043,-0.118,-0.974,-0.009,0.007,0.003
212042,0.019,-0.121,-0.969,0.000,-0.010,0.005
212042,0.039,-0.110,-0.991,0.007,-0.058,0.000
212042,0.007,-0.104,-1.002,-0.008,-0.001,0.007
212042,0.006,-0.104,-0.977,0.007,0.079,0.005
212042,0.023,-0.125,-1.023,0.007,-0.026,-0.000
212042,0.014,-0.112,-0.972,0.012,-0.034,0.004
212042,0.029,-0.099,-1.018,0.011,0.021,0.005
212042,0.053,-0.124,-0.998,0.008,-0.055,0.001
212042,0.002,-0.119,-0.970,0.008,0.021,0.010
212042,0.022,-0.113,-1.012,0.009,0.062,0.004
212042,0.008,-0.112,-1.002,0.006,0.021,-0.001
212042,0.035,-0.115,-1.008,0.007,-0.016,0.007
212042,0.007,-0.101,-0.976,0.004,-0.091,0.001
212042,0.024,-0.113,-1.010,-0.002,-0.027,0.007
212042,0.051,-0.121,-1.000,-0.003,-0.030,0.011
212042,0.020,-0.113,-0.992,-0.000,-0.002,0.005
212042,0.020,-0.116,-0.996,0.011,-0.004,0.005
212042,0.010,-0.114,-1.003,0.012,-0.002,0.004
212042,0.025,-0.100,-1.013,0.001,-0.012,0.002
212042,0.002,-0.109,-1.013,0.003,0.051,0.004
212042,0.015,-0.098,-1.002,0.005,0.066,0.003
212042,0.021,-0.108,-1.010,0.012,0.018,-0.003
212042,0.070,-0.121,-0.996,0.003,-0.018,0.011
212042,0.014,-0.105,-0.980,0.011,-0.083,0.004
212042,0.022,-0.105,-1.033,0.014,-0.029,0.001
212043,-0.014,-0.118,-0.978,0.013,0.065,0.004
212043,0.041,-0.111,-1.020,0.016,0.025,0.001
212043,-0.009,-0.097,-1.033,0.012,-0.008,0.003
212043,0.026,-0.104,-1.032,0.009,-0.005,0.004
212043,0.026,-0.113,-1.039,0.012,0.003,0.004
212043,0.024,-0.118,-1.025,0.009,-0.006,-0.001
212043,0.001,-0.119,-1.024,0.010,0.042,0.004
212043,0.004,-0.113,-1.040,0.012,0.042,0.004
212043,0.018,-0.113,-1.061,0.009,0.013,0.008
212043,0.006,-0.112,-1.032,0.013,-0.010,0.002
212043,-0.001,-0.107,-1.012,0.011,-0.014,0.007
212043,0.032,-0.107,-1.041,-0.006,0.012,0.002
212043,-0.030,-0.117,-1.014,0.002,0.065,0.002
212043,-0.002,-0.111,-1.038,-0.002,0.004,0.005
212043,0.050,-0.124,-1.050,0.002,-0.059,0.002
212043,-0.015,-0.104,-1.029,0.009,-0.079,0.004
212043,0.002,-0.097,-1.016,0.001,-0.036,0.002
212043,0.010,-0.117,-1.035,0.004,0.064,0.008
212043,0.050,-0.121,-1.011,0.007,0.010,0.000
212043,-0.006,-0.117,-1.020,0.012,0.039,0.000
212043,0.050,-0.132,-1.015,0.009,0.010,0.005
212043,-0.005,-0.125,-1.004,0.009,-0.049,-0.000
212043,0.024,-0.112,-1.024,0.009,-0.016,0.004
212043,0.019,-0.109,-1.067,0.007,0.082,0.008
212043,0.031,-0.115,-1.003,0.020,0.046,0.004
212043,0.022,-0.111,-1.038,0.006,-0.027,0.002
212043,0.055,-0.113,-1.042,0.009,0.015,0.011
212043,-0.005,-0.116,-1.035,0.009,-0.034,0.007
212044,0.006,-0.114,-1.033,0.011,0.005,0.006
212044,0.032,-0.105,-1.047,0.007,0.059,0.007
212044,0.030,-0.115,-1.046,0.008,0.014,0.005
212044,0.024,-0.123,-1.071,0.018,-0.019,0.006
212044,0.048,-0.123,-1.042,0.026,-0.076,0.005
212044,0.009,-0.130,-1.016,0.011,0.014,0.004
212044,0.037,-0.124,-1.079,0.004,0.075,0.005
212044,0.032,-0.121,-1.018,0.009,0.031,0.002
212044,0.032,-0.115,-1.042,0.013,-0.024,-0.001
212044,0.043,-0.130,-1.077,0.021,-0.049,0.010
212044,-0.010,-0.118,-1.028,0.018,-0.043,0.004
212044,0.025,-0.126,-1.020,0.003,0.014,-0.002
212044,0.029,-0.123,-1.047,-0.003,0.075,0.010
212044,0.046,-0.125,-1.010,0.001,0.028,-0.002
212044,0.025,-0.134,-0.997,0.011,-0.013,0.000
212044,0.033,-0.129,-1.033,0.011,-0.016,0.008
212044,-0.020,-0.113,-1.031,0.007,-0.016,0.001
212044,0.033,-0.117,-1.008,0.004,0.052,0.011
212044,0.018,-0.125,-1.052,0.011,0.057,0.002
212044,0.030,-0.130,-1.008,0.012,0.007,-0.005
212044,0.004,-0.104,-1.025,0.006,-0.005,-0.000
212044,0.038,-0.136,-1.066,0.013,-0.029,0.008
212044,0.009,-0.132,-1.019,0.015,-0.115,0.001
212044,0.051,-0.128,-1.005,0.008,0.015,0.007
212044,0.000,-0.133,-1.050,0.019,0.076,0.011
212044,0.058,-0.126,-1.029,0.018,-0.020,-0.001
212044,0.017,-0.125,-1.056,0.013,-0.055,0.005
212044,0.067,-0.145,-1.022,0.022,-0.075,0.004
212044,0.003,-0.122,-1.017,0.016,-0.033,0.003
212045,0.035,-0.118,-1.020,0.007,0.078,0.003
212045,0.022,-0.130,-1.069,0.019,0.090,0.005
212045,0.047,-0.127,-1.039,0.020,0.009,0.001
212045,-0.001,-0.120,-1.031,0.016,-0.009,0.012
212045,0.072,-0.123,-1.045,0.010,-0.069,0.008
212045,-0.006,-0.120,-1.021,0.009,-0.017,0.008
212045,0.029,-0.131,-1.031,-0.001,0.016,0.005
212045,0.034,-0.131,-1.027,-0.002,0.058,-0.000
212045,0.031,-0.141,-1.020,-0.002,0.047,0.006
212045,0.024,-0.128,-1.028,0.004,-0.039,0.005
212045,0.016,-0.119,-1.025,0.005,-0.028,0.006
212045,0.012,-0.113,-1.006,0.003,0.045,0.011
212045,0.024,-0.119,-1.034,0.008,0.055,0.005
212045,0.037,-0.134,-1.029,0.009,0.040,-0.001
212045,0.032,-0.130,-1.020,0.012,-0.005,-0.002
212045,0.010,-0.115,-1.038,0.013,-0.018,0.003
212045,0.009,-0.113,-1.065,0.011,-0.008,0.009
212045,0.009,-0.119,-1.026,0.021,0.007,0.006
212045,0.032,-0.123,-1.014,0.020,0.028,0.000
212045,0.044,-0.138,-1.019,0.004,0.050,0.002
212045,0.040,-0.142,-1.009,0.007,0.026,0.005
212045,0.042,-0.129,-1.047,0.003,-0.030,0.006
212045,0.008,-0.130,-1.038,-0.001,0.012,0.006
212045,0.020,-0.124,-1.018,-0.007,0.081,0.009
212045,0.018,-0.117,-1.047,0.001,0.006,0.003
212045,0.024,-0.129,-1.027,-0.001,0.016,0.002
212045,0.034,-0.117,-1.009,0.001,-0.033,0.005
212045,0.030,-0.139,-1.037,0.008,-0.038,0.007
212046,0.046,-0.133,-1.023,0.002,-0.056,0.003
212046,0.013,-0.129,-0.993,0.001,0.036,0.007
212046,0.049,-0.126,-1.055,0.003,0.054,0.007
212046,0.033,-0.127,-1.017,0.006,-0.014,0.007
212046,0.012,-0.121,-1.004,0.006,0.009,0.008
212046,0.066,-0.140,-1.041,0.011,-0.054,0.006
212046,0.010,-0.125,-1.018,-0.001,0.002,0.008
212046,0.031,-0.127,-1.012,-0.008,0.082,0.009
212046,0.000,-0.116,-1.045,0.003,0.036,0.005
212046,0.034,-0.123,-1.019,0.008,0.009,0.002
212046,-0.000,-0.115,-1.005,-0.000,-0.023,0.007
212046,0.032,-0.119,-1.057,-0.005,-0.010,0.004
212046,0.020,-0.127,-1.019,0.000,-0.025,-0.000
212046,0.021,-0.119,-1.005,-0.006,0.065,0.008
212046,0.017,-0.113,-1.067,0.012,0.013,-0.001
212046,0.009,-0.131,-1.026,0.004,-0.046,0.001
212046,0.004,-0.115,-1.018,0.012,-0.035,0.009
212046,0.038,-0.135,-1.029,0.016,-0.053,0.002
212046,0.023,-0.130,-1.015,0.013,-0.003,0.004
212046,0.008,-0.119,-1.033,0.024,0.055,0.004
212046,0.035,-0.138,-1.058,0.021,0.024,0.005
212046,0.001,-0.139,-1.026,0.017,-0.023,0.007
212046,0.020,-0.131,-1.035,0.020,0.016,0.011
212046,0.034,-0.118,-1.039,0.016,-0.035,-0.000
212046,-0.011,-0.113,-1.039,0.007,0.031,0.005
212046,0.036,-0.130,-1.035,-0.010,0.045,0.006
212046,-0.001,-0.133,-1.045,-0.011,-0.007,-0.005
212046,0.037,-0.125,-1.038,-0.015,-0.007,0.003
212046,0.006,-0.125,-1.006,-0.018,0.024,0.008
212047,0.044,-0.123,-1.024,-0.009,-0.060,0.001
212047,0.027,-0.125,-1.040,-0.002,-0.079,0.000
212047,0.027,-0.140,-1.000,0.003,-0.002,0.008
212047,0.023,-0.138,-1.048,0.010,0.017,-0.003
212047,0.028,-0.132,-1.033,0.010,-0.027,0.006
212047,0.014,-0.128,-0.996,0.017,-0.081,0.006
212047,0.067,-0.151,-1.037,0.018,-0.061,0.006
212047,-0.012,-0.124,-1.000,0.006,0.100,0.005
212047,0.027,-0.113,-1.045,0.011,0.091,-0.002
212047,0.014,-0.124,-1.056,0.016,-0.001,0.001
212047,0.005,-0.125,-1.011,0.020,-0.059,0.004
212047,0.011,-0.132,-1.038,0.021,-0.052,0.002
212047,0.027,-0.137,-1.036,0.018,-0.036,0.003
212047,0.001,-0.141,-1.010,0.015,0.042,0.004
212047,0.028,-0.133,-1.045,0.012,0.057,-0.003
212047,0.058,-0.142,-1.060,-0.001,-0.025,-0.001
212047,0.010,-0.133,-1.016,0.002,-0.074,0.005
212047,0.031,-0.134,-1.040,0.007,-0.036,0.009
212047,0.062,-0.143,-1.040,0.009,-0.043,0.007
212047,-0.008,-0.121,-1.020,0.003,0.083,0.012
212047,0.023,-0.128,-1.038,0.016,0.089,0.003
212047,0.053,-0.123,-1.056,0.014,0.002,0.006
212047,-0.017,-0.127,-1.022,0.019,-0.074,0.009
212047,0.032,-0.128,-1.045,0.011,-0.044,0.003
212047,0.016,-0.122,-0.998,-0.009,0.066,0.010
212047,0.024,-0.130,-0.984,-0.003,0.100,0.006
212047,0.026,-0.124,-1.043,0.002,0.032,-0.006
212047,0.037,-0.126,-1.033,-0.003,0.008,0.003
212048,-0.005,-0.134,-1.012,0.004,-0.031,0.010
212048,0.023,-0.131,-1.011,0.014,-0.010,0.005
212048,0.044,-0.135,-1.015,0.007,0.016,0.007
212048,-0.013,-0.126,-1.017,0.003,0.109,0.010
212048,0.022,-0.127,-1.029,0.010,0.070,0.002
212048,0.037,-0.141,-1.038,0.004,-0.017,-0.004
212048,0.005,-0.113,-1.007,0.009,-0.053,0.006
212048,0.049,-0.123,-1.024,-0.002,-0.031,0.005
212048,0.050,-0.133,-1.026,-0.001,0.039,0.008
212048,0.001,-0.134,-0.979,-0.002,0.123,0.008
212048,0.008,-0.133,-1.034,0.009,0.063,-0.008
212048,0.086,-0.141,-1.036,0.007,-0.028,0.004
212048,-0.050,-0.130,-0.985,0.018,-0.106,0.007
212048,0.042,-0.126,-1.012,0.004,-0.000,-0.004
212048,-0.003,-0.134,-0.971,0.006,0.114,0.001
212048,0.062,-0.127,-1.003,-0.001,0.059,0.002
212048,-0.050,-0.123,-1.037,0.004,0.033,0.002
212048,0.049,-0.142,-0.997,0.002,-0.011,0.005
212048,0.017,-0.128,-0.981,0.004,-0.070,-0.002
212048,-0.010,-0.130,-0.998,-0.004,-0.022,0.001
212048,-0.011,-0.129,-0.967,-0.000,0.118,0.003
212048,0.031,-0.110,-0.998,0.007,0.057,0.002
212048,0.011,-0.117,-1.020,0.002,-0.005,0.001
212048,0.003,-0.120,-0.992,0.003,0.038,0.003
212048,0.030,-0.124,-0.985,0.003,0.010,0.001
212048,0.009,-0.137,-0.977,-0.005,-0.012,-0.005
212048,-0.016,-0.123,-0.969,-0.003,0.068,0.006
212048,0.042,-0.125,-0.975,0.002,0.044,-0.005
212048,0.005,-0.124,-1.025,0.001,-0.032,-0.000
212049,0.010,-0.130,-0.959,-0.006,-0.034,0.002
212049,0.017,-0.126,-0.992,-0.004,-0.023,0.001
212049,-0.015,-0.119,-0.980,-0.004,0.006,-0.000
212049,0.013,-0.123,-0.980,-0.001,0.034,-0.007
212049,0.013,-0.119,-0.992,-0.004,0.026,-0.005
212049,-0.002,-0.115,-0.998,-0.003,0.018,-0.006
212049,0.029,-0.122,-1.004,-0.000,-0.013,0.003
212049,0.019,-0.123,-0.980,0.001,-0.016,0.003
212049,0.014,-0.127,-1.019,-0.004,0.051,-0.002
212049,0.004,-0.129,-0.976,0.007,0.094,-0.002
212049,0.028,-0.118,-0.987,0.012,0.039,-0.005
212049,0.013,-0.127,-1.017,0.006,-0.073,-0.003
212049,0.013,-0.127,-0.971,0.003,-0.046,0.004
212049,0.005,-0.108,-0.984,0.008,-0.054,0.001
212049,-0.014,-0.099,-1.020,-0.009,0.052,0.000
212049,-0.006,-0.126,-0.999,-0.009,0.104,0.001
212049,0.016,-0.100,-1.015,-0.001,0.036,-0.007
212049,-0.005,-0.117,-1.003,0.004,-0.001,-0.004
212049,0.022,-0.142,-0.982,-0.001,-0.045,0.006
212049,0.002,-0.121,-0.962,0.002,-0.049,-0.004
212049,0.005,-0.110,-1.028,0.005,0.084,-0.005
212049,-0.004,-0.111,-1.007,0.002,0.059,0.002
212049,-0.005,-0.114,-1.018,0.014,0.001,-0.005
212049,0.022,-0.128,-1.003,0.009,-0.035,-0.006
212049,0.025,-0.128,-1.010,0.014,-0.030,0.000
212049,-0.005,-0.129,-0.974,0.007,-0.098,-0.005
212049,-0.007,-0.114,-1.014,-0.002,0.071,-0.004
212049,-0.006,-0.124,-0.993,-0.007,0.110,-0.006
212050,-0.007,-0.120,-0.993,-0.002,0.060,-0.010
212050,-0.007,-0.126,-1.016,-0.007,0.037,-0.006
212050,0.020,-0.133,-1.004,-0.008,-0.035,-0.004
212050,0.011,-0.132,-0.976,-0.007,-0.046,-0.003
212050,-0.016,-0.127,-0.999,-0.004,0.027,-0.002
212050,-0.029,-0.113,-0.979,-0.008,0.119,-0.005
212050,-0.010,-0.114,-1.032,-0.000,0.030,-0.001
212050,0.014,-0.120,-0.966,0.006,-0.048,-0.010
212050,0.022,-0.127,-1.016,0.007,0.009,-0.004
212050,-0.019,-0.121,-0.996,0.011,0.014,-0.008
212050,0.012,-0.139,-0.992,0.008,-0.005,-0.009
212050,0.006,-0.117,-0.998,-0.001,0.026,-0.004
212050,-0.026,-0.121,-0.989,0.010,0.038,-0.007
212050,0.034,-0.124,-1.024,0.009,-0.027,-0.001
212050,0.001,-0.118,-0.990,0.019,-0.066,0.003
212050,-0.017,-0.123,-0.986,0.009,-0.041,-0.000
212050,-0.025,-0.128,-0.999,0.003,0.076,0.004
212050,-0.025,-0.121,-0.957,-0.003,0.154,-0.010
212050,0.009,-0.121,-1.015,-0.003,0.012,0.000
212050,-0.003,-0.127,-0.991,-0.007,-0.044,-0.001
212050,0.017,-0.121,-0.990,0.007,-0.028,-0.001
212050,0.010,-0.120,-1.002,0.001,0.020,-0.001
212050,0.003,-0.120,-1.000,0.002,0.008,-0.005
212050,-0.029,-0.131,-0.975,0.009,0.101,-0.002
212050,0.020,-0.130,-0.999,0.007,0.015,-0.006
212050,0.040,-0.128,-0.992,0.007,-0.084,-0.003
212050,0.003,-0.124,-0.980,0.005,-0.033,-0.005
212050,-0.004,-0.120,-0.989,0.001,0.015,-0.003
212050,0.016,-0.127,-1.003,0.007,0.067,-0.004
212051,0.036,-0.139,-0.988,0.018,-0.035,-0.011
212051,-0.036,-0.130,-1.000,0.012,-0.027,-0.006
212051,0.039,-0.131,-0.965,0.009,-0.036,-0.002
212051,-0.007,-0.130,-0.965,0.005,-0.028,0.000
212051,0.005,-0.120,-1.004,0.005,0.023,-0.003
212051,-0.008,-0.128,-1.004,0.002,0.048,-0.002
212051,0.017,-0.109,-0.989,0.002,0.010,-0.008
212051,-0.008,-0.134,-1.018,-0.005,-0.006,-0.007
212051,0.022,-0.135,-0.990,0.000,-0.047,-0.006
212051,0.005,-0.126,-0.987,-0.000,-0.057,-0.007
212051,-0.024,-0.121,-0.992,0.001,-0.003,-0.004
212051,0.022,-0.146,-0.993,-0.013,0.060,-0.004
212051,-0.027,-0.125,-0.951,-0.002,0.072,-0.005
212051,0.063,-0.151,-1.016,0.010,-0.071,-0.006
212051,-0.030,-0.144,-0.963,0.007,-0.022,-0.008
212051,0.030,-0.145,-0.984,0.001,-0.042,-0.004
212051,-0.008,-0.125,-0.969,0.005,0.001,-0.003
212051,0.022,-0.131,-1.003,0.012,0.003,-0.005
212051,-0.029,-0.114,-0.958,0.006,0.083,-0.003
212051,0.052,-0.120,-1.016,0.004,-0.092,-0.007
212051,0.038,-0.141,-1.019,0.018,-0.090,0.001
212051,-0.016,-0.123,-0.973,0.015,-0.070,-0.008
212051,-0.007,-0.133,-0.982,-0.004,-0.015,-0.005
212051,0.006,-0.147,-0.992,0.002,0.087,0.001
212051,0.023,-0.131,-0.943,0.001,0.030,-0.008
212051,0.009,-0.129,-1.009,0.005,-0.035,-0.002
212051,0.024,-0.135,-0.994,-0.003,-0.043,-0.001
212051,-0.022,-0.120,-0.980,-0.006,-0.015,-0.004
212052,-0.020,-0.120,-1.032,-0.001,0.094,0.003
212052,0.031,-0.136,-1.010,0.004,0.051,-0.008
212052,-0.034,-0.102,-1.005,-0.005,-0.018,-0.004
212052,0.026,-0.124,-1.031,0.006,-0.135,-0.001
212052,0.017,-0.118,-0.950,0.018,-0.094,-0.002
212052,-0.007,-0.112,-0.968,0.002,0.023,-0.002
212052,0.017,-0.114,-1.039,0.005,0.104,-0.004
212052,0.019,-0.136,-1.007,0.014,-0.006,-0.008
212052,0.009,-0.126,-1.001,0.016,-0.067,-0.007
212052,-0.012,-0.125,-1.034,0.011,-0.041,0.003
212052,-0.021,-0.096,-0.993,0.007,-0.020,-0.010
212052,-0.011,-0.120,-0.981,-0.001,-0.020,-0.007
212052,-0.002,-0.124,-1.016,0.001,0.123,-0.002
212052,0.022,-0.116,-1.005,0.006,0.064,-0.005
212052,0.018,-0.110,-1.004,-0.004,-0.008,-0.012
212052,-0.004,-0.113,-1.019,-0.004,-0.020,0.001
212052,-0.025,-0.118,-0.989,-0.000,-0.013,-0.005
212052,-0.007,-0.119,-1.005,-0.002,0.032,-0.007
212052,0.002,-0.115,-1.030,-0.000,0.077,-0.001
212052,0.015,-0.119,-0.985,0.002,0.048,-0.008
212052,-0.018,-0.128,-1.006,0.001,-0.012,-0.008
212052,0.009,-0.125,-1.035,-0.006,-0.059,-0.003
212052,-0.033,-0.115,-0.965,-0.002,-0.031,-0.002
212052,-0.036,-0.115,-0.990,-0.007,0.035,-0.005
212052,-0.000,-0.113,-1.024,-0.007,0.047,-0.009
212052,0.007,-0.117,-0.995,-0.005,0.055,-0.003
212052,0.016,-0.132,-1.013,-0.005,-0.051,-0.007
212052,-0.030,-0.128,-0.977,-0.000,0.002,-0.002
212052,-0.007,-0.128,-0.999,-0.004,-0.010,-0.002
212053,-0.015,-0.109,-0.984,0.002,-0.004,-0.005
212053,0.000,-0.112,-0.993,-0.005,0.024,-0.004
212053,-0.001,-0.114,-0.984,-0.005,0.016,-0.004
212053,-0.006,-0.122,-0.969,0.000,0.016,-0.005
212053,0.044,-0.131,-1.019,0.005,-0.061,-0.004
212053,-0.029,-0.109,-0.967,-0.001,-0.021,0.002
212053,-0.009,-0.112,-1.003,0.004,-0.018,0.000
212053,-0.044,-0.105,-1.020,0.003,0.035,-0.003
212053,0.016,-0.111,-0.998,0.005,0.029,-0.005
212053,-0.009,-0.125,-1.002,0.007,0.008,-0.001
212053,0.040,-0.131,-0.987,0.006,-0.072,-0.004
212053,-0.008,-0.120,-0.970,0.014,0.010,-0.003
212053,-0.009,-0.125,-0.991,0.015,0.053,-0.004
212053,-0.000,-0.138,-1.006,0.017,-0.005,-0.014
212053,-0.054,-0.122,-1.005,0.002,0.005,-0.000
212053,0.009,-0.128,-1.024,0.005,-0.052,-0.004
212053,0.011,-0.141,-1.000,0.011,-0.077,-0.007
212053,-0.038,-0.134,-0.972,0.004,-0.017,-0.003
212053,0.007,-0.131,-1.005,0.001,0.091,0.000
212053,0.037,-0.131,-1.008,0.004,0.029,-0.012
212053,-0.054,-0.121,-0.978,0.000,-0.032,-0.005
212053,-0.011,-0.104,-1.057,0.003,-0.094,0.006
212053,-0.026,-0.125,-0.967,0.012,-0.060,-0.014
212053,0.050,-0.155,-1.011,0.009,-0.009,0.001
212053,-0.060,-0.145,-0.962,0.000,0.002,-0.007
212053,-0.014,-0.139,-0.991,-0.001,0.015,-0.001
212053,-0.027,-0.124,-0.955,0.001,0.025,-0.004
212053,-0.034,-0.128,-0.993,0.008,0.040,-0.000
212054,0.016,-0.126,-0.992,0.011,-0.067,-0.006
212054,0.022,-0.139,-0.970,0.019,-0.020,-0.005
212054,0.030,-0.139,-0.963,0.010,0.059,-0.004
212054,0.029,-0.140,-0.968,0.014,-0.020,-0.005
212054,-0.022,-0.129,-0.993,0.012,-0.121,-0.003
212054,0.028,-0.135,-0.996,0.004,-0.080,0.001
212054,0.020,-0.138,-0.933,-0.009,0.020,-0.007
212054,0.009,-0.125,-0.975,0.002,0.006,-0.007
212054,0.004,-0.125,-0.980,0.018,0.237,0.002
212054,0.063,-0.163,-0.995,0.014,-0.075,-0.009
212054,0.005,-0.135,-0.982,0.005,-0.118,-0.003
212054,-0.031,-0.124,-0.989,0.001,-0.040,-0.008
212054,0.005,-0.125,-0.993,0.003,-0.018,-0.006
212054,0.004,-0.115,-1.002,0.015,0.006,-0.002
212054,-0.008,-0.147,-1.008,0.009,0.047,-0.011
212054,0.020,-0.144,-1.039,0.009,0.062,-0.005
212054,-0.040,-0.135,-0.952,0.009,-0.115,0.002
212054,0.031,-0.133,-0.986,-0.002,-0.016,-0.003
212054,-0.043,-0.095,-1.022,-0.016,0.084,0.005
212054,-0.030,-0.090,-0.998,-0.000,0.094,-0.008
212054,0.057,-0.114,-1.030,0.003,0.039,-0.010
212054,0.004,-0.113,-0.986,0.003,-0.033,-0.004
212054,-0.021,-0.121,-0.969,-0.004,-0.024,0.000
212054,0.020,-0.129,-1.002,0.010,-0.013,-0.002
212054,-0.026,-0.113,-0.953,-0.000,0.053,-0.002
212054,-0.014,-0.107,-0.975,-0.003,0.096,-0.000
212054,-0.010,-0.099,-1.007,-0.003,0.020,-0.002
212054,0.021,-0.100,-1.019,0.017,-0.048,0.001
212054,-0.054,-0.108,-0.973,0.010,-0.060,-0.005
212055,0.020,-0.129,-0.981,-0.009,-0.010,-0.004
212055,0.004,-0.113,-0.968,-0.013,0.057,-0.007
212055,0.010,-0.103,-1.009,-0.006,0.102,-0.009
212055,0.002,-0.110,-1.024,0.006,-0.001,-0.004
212055,-0.011,-0.129,-0.992,-0.002,-0.045,-0.004
212055,-0.016,-0.126,-1.008,-0.004,0.013,-0.002
212055,0.038,-0.119,-1.026,-0.009,-0.051,-0.006
212055,-0.016,-0.114,-0.978,0.002,0.032,-0.003
212055,-0.009,-0.133,-1.021,0.009,0.098,-0.003
212055,0.042,-0.134,-1.049,0.009,-0.018,-0.010
212055,-0.026,-0.122,-0.948,0.009,-0.129,-0.005
212055,-0.032,-0.116,-1.017,0.014,-0.084,-0.005
212055,-0.042,-0.114,-0.990,-0.001,0.083,0.006
212055,-0.003,-0.121,-0.982,0.011,0.063,-0.004
212055,0.036,-0.131,-0.992,0.012,0.008,-0.011
212055,0.007,-0.124,-0.993,0.003,-0.019,-0.003
212055,-0.019,-0.111,-1.009,0.006,0.014,-0.006
212055,-0.012,-0.116,-0.978,0.017,-0.088,-0.009
212055,-0.018,-0.110,-1.036,0.007,-0.031,-0.003
212055,-0.043,-0.134,-0.948,0.006,0.083,-0.004
212055,0.016,-0.130,-1.013,-0.004,0.012,-0.009
212055,0.029,-0.116,-0.962,-0.002,-0.070,0.001
212055,-0.030,-0.107,-0.971,0.006,0.005,-0.008
212055,-0.001,-0.117,-1.002,0.000,-0.049,-0.004
212055,0.014,-0.115,-1.028,-0.002,-0.033,0.004
212055,-0.008,-0.120,-0.943,-0.003,0.055,-0.003
212055,-0.002,-0.119,-0.991,0.010,0.092,-0.008
212055,0.019,-0.109,-1.017,0.011,-0.054,-0.002
212056,-0.053,-0.100,-0.959,0.015,-0.099,-0.006
212056,-0.016,-0.114,-1.023,-0.001,0.004,-0.004
212056,0.015,-0.117,-0.989,0.002,0.042,-0.006
212056,-0.035,-0.119,-0.940,0.014,0.102,-0.011
212056,0.044,-0.123,-1.040,0.006,0.040,-0.003
212056,-0.015,-0.130,-0.993,0.010,-0.132,-0.003
212056,0.002,-0.137,-0.968,0.005,-0.048,-0.010
212056,-0.009,-0.123,-1.018,-0.011,0.033,-0.005
212056,-0.003,-0.115,-0.987,0.003,0.051,-0.001
212056,-0.021,-0.102,-0.985,-0.001,0.052,-0.008
212056,0.037,-0.112,-1.059,-0.003,0.004,-0.000
212056,-0.026,-0.115,-1.025,0.016,-0.107,-0.002
212056,-0.012,-0.125,-0.963,0.002,-0.051,-0.003
212056,0.003,-0.115,-1.037,-0.006,0.098,-0.005
212056,0.006,-0.111,-0.998,-0.003,0.041,-0.010
212056,-0.024,-0.119,-0.999,0.011,0.037,-0.004
212056,0.017,-0.136,-1.006,-0.003,-0.062,0.001
212056,-0.013,-0.123,-0.969,0.006,-0.050,-0.006
212056,0.016,-0.105,-1.009,0.006,-0.043,0.000
212056,-0.010,-0.106,-0.998,0.002,-0.004,-0.007
212056,-0.052,-0.113,-0.955,-0.002,0.093,-0.001
212056,0.017,-0.115,-0.993,-0.000,0.003,-0.010
212056,0.002,-0.120,-0.990,-0.010,-0.058,-0.000
212056,-0.027,-0.112,-0.950,-0.012,-0.027,-0.001
212056,0.010,-0.110,-0.988,-0.004,0.036,-0.010
212056,0.009,-0.121,-0.987,0.003,0.079,-0.009
212056,0.003,-0.114,-0.959,0.002,0.044,-0.003
212056,-0.005,-0.120,-0.972,0.001,-0.001,-0.004
212056,0.006,-0.132,-0.960,0.003,-0.087,-0.008
212057,0.032,-0.126,-0.945,0.004,-0.049,-0.000
212057,-0.014,-0.122,-0.964,-0.001,0.014,-0.000
212057,0.022,-0.133,-1.004,0.001,0.032,-0.007
212057,0.007,-0.119,-0.979,-0.004,0.017,0.002
212057,0.018,-0.128,-0.951,0.003,-0.015,-0.004
212057,0.022,-0.115,-0.981,0.005,-0.069,-0.003
212057,0.002,-0.117,-0.945,-0.002,-0.066,-0.000
212057,-0.009,-0.122,-0.960,-0.014,0.049,-0.001
212057,0.048,-0.134,-0.954,-0.014,0.112,0.001
212057,0.036,-0.119,-0.958,-0.004,-0.007,-0.008
212057,-0.023,-0.107,-0.982,-0.013,0.024,0.005
212057,-0.006,-0.109,-0.957,-0.005,-0.041,-0.002
212057,0.002,-0.112,-0.961,-0.007,0.026,-0.002
212057,-0.022,-0.106,-0.974,-0.011,0.052,0.001
212057,0.012,-0.124,-0.948,-0.004,0.052,0.001
212057,-0.007,-0.114,-0.932,0.002,0.045,-0.007
212057,0.008,-0.129,-0.985,0.001,-0.049,-0.001
212057,-0.007,-0.104,-0.949,-0.009,-0.016,-0.001
212057,0.000,-0.107,-0.999,-0.003,0.012,-0.006
212057,-0.032,-0.114,-0.942,0.001,0.076,0.000
212057,0.043,-0.128,-0.948,-0.004,0.028,-0.006
212057,-0.006,-0.120,-0.946,-0.006,0.037,0.001
212057,0.026,-0.120,-0.981,-0.004,-0.048,-0.004
212057,-0.034,-0.114,-0.960,-0.002,-0.054,-0.007
212057,0.008,-0.121,-0.953,-0.015,0.054,-0.006
212057,-0.002,-0.114,-0.987,-0.008,0.096,-0.004
212057,-0.001,-0.116,-0.935,-0.004,-0.020,-0.011
212057,-0.004,-0.116,-0.955,-0.001,-0.001,-0.001
212058,-0.010,-0.127,-0.942,0.012,-0.009,-0.003
212058,0.001,-0.120,-0.966,0.003,-0.052,-0.009
212058,0.028,-0.115,-0.940,-0.009,-0.037,0.000
212058,-0.003,-0.110,-0.968,-0.004,0.069,-0.004
212058,0.022,-0.107,-0.986,-0.003,0.083,-0.007
212058,-0.005,-0.092,-0.974,-0.010,-0.001,-0.001
212058,0.022,-0.107,-0.971,-0.013,-0.095,-0.007
212058,-0.043,-0.124,-0.925,-0.003,-0.048,-0.011
212058,0.047,-0.143,-0.950,-0.010,0.071,0.000
212058,0.010,-0.143,-0.958,-0.004,0.001,-0.005
212058,-0.040,-0.127,-0.915,-0.013,0.017,-0.002
212058,-0.038,-0.113,-0.956,-0.012,0.016,-0.002
212058,0.075,-0.108,-0.983,-0.007,-0.103,-0.007
212058,-0.057,-0.109,-0.940,-0.005,-0.012,-0.008
212058,0.013,-0.107,-0.986,-0.003,0.058,-0.005
212058,0.015,-0.122,-0.984,0.002,0.013,-0.004
212058,0.010,-0.124,-0.917,-0.013,-0.091,-0.015
212058,-0.020,-0.117,-0.984,-0.005,-0.001,0.003
212058,0.030,-0.100,-0.959,0.000,-0.001,-0.007
212058,-0.018,-0.119,-0.967,-0.001,-0.054,-0.007
212058,-0.017,-0.123,-0.926,-0.009,0.107,-0.003
212058,0.052,-0.128,-0.988,-0.007,0.009,-0.006
212058,-0.033,-0.103,-0.935,-0.019,-0.051,-0.006
212058,-0.025,-0.106,-0.985,-0.011,-0.024,-0.002
212058,0.008,-0.104,-0.962,-0.008,-0.039,-0.006
212058,0.015,-0.107,-0.939,-0.007,0.004,-0.004
212058,0.008,-0.108,-0.964,0.000,0.039,-0.003
212058,0.029,-0.108,-0.986,0.002,0.011,-0.005
212058,-0.038,-0.114,-0.922,0.007,-0.080,-0.004
212059,0.016,-0.120,-0.986,0.006,-0.047,-0.013
212059,-0.019,-0.100,-0.956,-0.008,0.022,-0.007
212059,0.031,-0.119,-0.999,-0.003,0.013,-0.002
212059,-0.038,-0.100,-0.983,0.000,0.047,-0.001
212059,0.051,-0.114,-1.001,-0.005,0.033,-0.013
212059,-0.049,-0.107,-0.976,-0.006,-0.059,-0.005
212059,0.001,-0.109,-0.995,-0.003,-0.022,0.003
212059,-0.011,-0.110,-0.970,-0.005,0.001,-0.010
212059,0.021,-0.110,-0.988,0.008,0.055,-0.000
212059,0.005,-0.121,-1.000,-0.003,0.014,-0.008
212059,0.003,-0.099,-0.954,-0.003,-0.036,-0.009
212059,-0.024,-0.110,-0.982,-0.007,-0.072,0.005
212059,0.000,-0.111,-0.971,-0.010,0.013,-0.002
212059,-0.013,-0.105,-0.970,-0.015,0.026,-0.006
212059,0.004,-0.104,-0.951,-0.015,0.137,-0.002
212059,0.012,-0.106,-1.037,-0.007,0.068,-0.003
212059,0.019,-0.102,-0.970,-0.006,-0.046,-0.004
212059,-0.012,-0.120,-0.970,-0.009,-0.016,0.000
212059,0.016,-0.127,-0.992,0.001,-0.028,-0.004
212059,0.020,-0.116,-0.977,0.003,-0.022,-0.008
212059,-0.016,-0.110,-0.963,0.001,0.075,-0.003
212059,0.034,-0.115,-1.013,0.005,0.033,-0.010
212059,0.001,-0.108,-0.994,0.015,-0.029,-0.001
212059,-0.005,-0.107,-0.983,0.011,-0.052,-0.005
212059,0.009,-0.125,-0.981,0.005,0.019,-0.009
212059,0.025,-0.120,-0.990,-0.005,0.023,0.001
212059,-0.044,-0.096,-0.987,-0.007,0.061,-0.011
212059,0.039,-0.099,-1.053,0.003,0.045,-0.005
212100,-0.022,-0.105,-1.001,-0.004,-0.000,0.002
212100,0.022,-0.127,-0.982,0.005,-0.049,-0.002
212100,0.032,-0.133,-0.986,0.006,0.000,-0.012
212100,-0.010,-0.121,-1.006,0.008,0.066,-0.007
212100,-0.011,-0.107,-1.001,0.014,0.066,-0.005
212100,0.023,-0.117,-0.997,0.005,-0.021,-0.004
212100,-0.040,-0.105,-0.995,0.016,-0.001,-0.002
212100,0.009,-0.105,-0.975,0.017,-0.169,-0.003
212100,0.013,-0.108,-0.981,-0.007,0.072,-0.005
212100,-0.004,-0.118,-0.991,0.017,0.181,0.001
212100,0.016,-0.117,-1.046,0.019,-0.044,-0.008
212100,0.003,-0.128,-0.931,0.013,-0.063,-0.006
212100,-0.007,-0.133,-0.984,0.014,-0.036,-0.005
212100,-0.014,-0.098,-0.985,0.020,-0.089,-0.006
212100,0.016,-0.114,-0.995,0.010,0.011,-0.005
212100,-0.016,-0.133,-0.950,0.007,0.098,-0.005
212100,0.039,-0.134,-1.010,0.006,0.067,-0.006
212100,0.036,-0.141,-0.996,-0.002,-0.102,0.003
212100,-0.035,-0.113,-0.974,0.012,-0.093,-0.001
212100,0.008,-0.105,-1.017,-0.000,-0.025,-0.004
212100,0.005,-0.127,-0.990,0.001,0.044,-0.005
212100,0.001,-0.116,-0.984,0.011,0.075,-0.006
212100,0.002,-0.114,-1.021,0.020,0.044,-0.008
212100,0.055,-0.140,-1.015,0.004,-0.066,-0.002
212100,-0.053,-0.119,-0.930,-0.006,-0.119,-0.007
212100,0.023,-0.126,-1.025,-0.002,0.027,-0.003
212100,0.008,-0.109,-1.009,0.001,0.023,0.002
212100,0.002,-0.121,-0.964,0.004,0.005,-0.012
212100,0.014,-0.146,-0.991,-0.003,-0.020,-0.008
212101,0.031,-0.114,-1.005,-0.007,-0.002,-0.002
212101,-0.014,-0.109,-0.956,-0.009,-0.092,0.000
212101,0.010,-0.113,-1.009,-0.004,0.015,-0.005
212101,-0.007,-0.103,-0.969,0.001,0.091,-0.001
212101,0.006,-0.111,-0.993,0.010,0.046,-0.009
212101,0.021,-0.115,-1.019,0.013,-0.069,-0.003
212101,-0.013,-0.115,-0.972,0.016,-0.083,0.002
212101,0.002,-0.111,-1.000,0.014,-0.040,-0.012
212101,-0.013,-0.122,-1.002,0.006,-0.019,-0.002
212101,0.010,-0.124,-0.975,0.002,0.046,-0.001
212101,-0.011,-0.125,-0.967,0.013,0.059,-0.009
212101,0.028,-0.126,-1.025,0.005,-0.036,-0.003
212101,0.002,-0.120,-0.967,0.003,-0.058,-0.008
212101,-0.007,-0.110,-0.994,0.002,-0.023,0.003
212101,0.010,-0.123,-1.014,-0.001,-0.003,-0.006
212101,-0.011,-0.115,-0.981,-0.003,0.059,-0.008
212101,-0.014,-0.126,-0.990,0.005,0.072,-0.002
212101,0.029,-0.122,-1.026,-0.000,-0.042,-0.005
212101,0.003,-0.109,-0.990,0.011,-0.058,0.001
212101,0.001,-0.120,-0.985,0.006,-0.068,0.000
212101,0.007,-0.121,-1.000,0.001,0.013,-0.003
212101,0.003,-0.126,-0.978,0.002,0.038,-0.004
212101,0.014,-0.123,-0.993,0.015,0.033,-0.006
212101,-0.014,-0.120,-1.007,0.013,0.000,-0.004
212101,-0.000,-0.122,-0.976,0.011,-0.039,-0.004
212101,0.028,-0.116,-0.977,0.009,-0.046,-0.007
212101,-0.013,-0.108,-1.033,0.006,0.050,-0.006
212101,-0.003,-0.107,-0.969,-0.007,0.072,-0.006
212102,-0.014,-0.095,-1.015,-0.020,0.030,-0.010
212102,0.020,-0.113,-1.002,-0.007,-0.006,-0.000
212102,-0.014,-0.124,-1.001,-0.007,-0.088,-0.005
212102,-0.002,-0.108,-0.974,-0.014,0.005,-0.000
212102,0.011,-0.123,-0.963,-0.008,-0.017,0.002
212102,0.005,-0.119,-0.986,0.001,0.018,-0.011
212102,-0.016,-0.124,-1.010,0.008,0.044,-0.001
212102,0.012,-0.124,-0.994,0.010,-0.033,-0.005
212102,0.006,-0.129,-0.969,-0.005,-0.031,-0.002
212102,-0.040,-0.113,-0.995,-0.001,0.022,0.009
212102,0.049,-0.128,-1.037,0.011,0.052,-0.003
212102,0.014,-0.135,-0.968,0.009,0.076,-0.005
212102,-0.006,-0.135,-0.989,0.009,0.060,-0.004
212102,0.048,-0.133,-1.022,0.009,-0.088,-0.003
212102,-0.020,-0.108,-0.970,0.015,-0.092,-0.006
212102,0.016,-0.109,-0.989,0.003,-0.021,-0.004
212102,0.025,-0.114,-1.053,-0.007,0.099,-0.005
212102,-0.024,-0.122,-0.988,0.009,0.090,0.005
212102,0.027,-0.133,-0.986,0.018,-0.016,-0.013
212102,0.028,-0.142,-1.011,0.004,-0.051,-0.008
212102,0.008,-0.120,-0.962,0.001,-0.048,0.001
212102,0.023,-0.122,-0.977,0.006,-0.016,-0.007
212102,0.009,-0.121,-1.034,-0.004,0.069,0.003
212102,0.005,-0.123,-0.965,-0.006,0.032,-0.008
212102,-0.006,-0.119,-1.025,-0.006,-0.042,-0.004
212102,0.029,-0.114,-0.983,0.007,-0.017,0.001
212102,-0.014,-0.117,-1.006,0.011,-0.055,-0.015
212102,-0.014,-0.115,-0.981,0.002,-0.031,-0.007
212102,0.012,-0.118,-1.013,-0.004,0.031,-0.004
212103,0.004,-0.120,-0.977,0.010,0.010,-0.011
212103,-0.004,-0.121,-1.017,0.002,-0.052,-0.006
212103,0.005,-0.125,-0.972,0.008,-0.044,-0.004
212103,-0.021,-0.123,-1.004,0.002,-0.038,-0.005
212103,-0.024,-0.097,-1.016,0.001,0.026,-0.004
212103,0.017,-0.117,-1.035,0.005,0.109,-0.003
212103,0.001,-0.124,-0.971,0.011,0.081,-0.006
212103,-0.026,-0.100,-1.039,0.006,0.025,0.000
212103,-0.005,-0.107,-1.038,0.016,-0.158,-0.004
212103,0.024,-0.120,-0.960,0.010,-0.047,-0.002
212103,-0.004,-0.119,-1.012,0.010,0.028,-0.003
212103,-0.003,-0.121,-0.987,0.007,-0.037,-0.009
212103,-0.048,-0.117,-0.958,0.008,0.125,-0.005
212103,0.066,-0.135,-1.029,0.004,-0.059,-0.003
212103,-0.000,-0.128,-0.976,0.005,-0.145,-0.007
212103,0.009,-0.138,-0.944,0.000,0.008,0.003
212103,0.022,-0.128,-1.018,-0.002,0.041,-0.007
212103,-0.014,-0.112,-1.014,-0.003,0.059,-0.013
212103,-0.039,-0.107,-1.008,-0.010,0.050,-0.008
212103,0.013,-0.112,-1.008,-0.003,-0.004,0.000
212103,-0.016,-0.102,-1.021,0.002,-0.016,-0.004
212103,0.000,-0.104,-0.987,0.008,-0.062,0.001
212103,-0.008,-0.110,-1.031,0.009,0.060,-0.010
212103,0.011,-0.119,-1.034,-0.001,0.083,-0.005
212103,-0.045,-0.111,-0.965,0.006,0.073,-0.012
212103,0.006,-0.129,-1.029,0.001,-0.075,-0.005
212103,0.005,-0.137,-0.960,0.000,-0.094,-0.005
212103,0.027,-0.128,-1.006,0.002,-0.023,-0.001
212104,-0.015,-0.113,-1.010,-0.011,0.049,-0.007
212104,0.036,-0.135,-1.001,-0.006,0.089,-0.007
212104,0.002,-0.116,-1.019,0.001,-0.008,-0.011
212104,0.014,-0.138,-1.006,0.009,-0.060,-0.001
212104,-0.001,-0.133,-0.985,0.001,-0.065,-0.006
212104,-0.019,-0.114,-0.971,0.004,0.012,-0.005
212104,0.008,-0.137,-1.000,0.008,0.091,0.001
212104,0.039,-0.117,-1.004,0.015,0.089,-0.010
212104,-0.000,-0.119,-0.993,0.013,-0.045,-0.010
212104,0.005,-0.123,-1.035,-0.001,-0.088,-0.005
212104,0.008,-0.125,-0.959,0.007,-0.040,-0.001
212104,0.022,-0.135,-0.983,0.004,-0.012,0.000
212104,0.003,-0.126,-0.993,-0.005,0.006,-0.004
212104,-0.002,-0.126,-1.009,-0.001,0.035,0.003
212104,0.023,-0.123,-0.976,0.007,-0.026,-0.008
212104,0.035,-0.143,-0.974,0.016,-0.060,-0.008
212104,-0.017,-0.126,-0.994,-0.001,-0.048,-0.003
212104,-0.013,-0.100,-0.978,-0.003,0.054,0.003
212104,0.005,-0.136,-0.995,-0.015,0.088,-0.000
212104,0.019,-0.131,-0.985,-0.011,0.104,-0.004
212104,-0.006,-0.110,-1.033,-0.006,0.038,-0.000
212104,0.021,-0.123,-1.004,0.013,-0.033,-0.005
212104,0.025,-0.127,-0.999,0.012,-0.028,0.001
212104,-0.017,-0.116,-0.984,0.006,-0.012,-0.003
212104,-0.021,-0.127,-0.979,0.002,0.007,-0.007
212104,0.036,-0.126,-1.035,0.010,0.084,-0.004
212104,0.007,-0.122,-1.008,0.007,0.005,-0.000
212104,0.050,-0.131,-1.025,0.009,-0.089,-0.007
212104,-0.031,-0.119,-0.988,-0.002,-0.067,-0.004
212105,-0.013,-0.104,-0.978,-0.010,0.010,-0.004
212105,-0.013,-0.121,-1.024,-0.010,0.148,-0.008
212105,0.022,-0.125,-1.007,-0.004,0.077,0.002
212105,0.027,-0.130,-1.016,0.002,-0.103,0.002
212105,0.015,-0.148,-0.955,0.019,-0.099,-0.003
212105,0.025,-0.128,-0.973,0.007,0.059,-0.003
212105,-0.005,-0.120,-1.019,0.006,0.057,-0.010
212105,0.008,-0.111,-0.985,0.000,0.048,-0.007
212105,-0.007,-0.120,-1.002,-0.002,0.001,-0.006
212105,0.004,-0.109,-1.029,-0.005,-0.078,-0.003
212105,0.021,-0.128,-1.029,0.005,-0.117,-0.005
212105,0.041,-0.130,-0.931,0.003,-0.017,-0.003
212105,0.037,-0.136,-0.998,-0.002,0.054,-0.003
212105,-0.030,-0.117,-1.001,0.002,0.034,-0.008
212105,0.000,-0.115,-0.981,0.009,-0.017,-0.011
212105,-0.001,-0.114,-1.018,0.015,-0.019,-0.000
212105,0.005,-0.105,-1.013,0.011,0.004,0.002
212105,-0.014,-0.111,-0.972,0.015,-0.051,-0.007
212105,0.025,-0.123,-0.989,0.006,0.051,0.001
212105,-0.020,-0.119,-1.046,0.017,0.107,-0.003
212105,0.013,-0.112,-0.981,-0.001,0.021,-0.008
212105,-0.013,-0.105,-1.008,-0.008,-0.025,0.000
212105,0.021,-0.110,-1.009,-0.006,-0.078,-0.001
212105,-0.025,-0.109,-0.983,-0.003,-0.073,-0.011
212105,0.047,-0.109,-1.011,0.005,0.024,-0.002
212105,0.012,-0.131,-1.013,0.009,0.025,0.001
212105,-0.018,-0.127,-0.945,0.004,-0.017,-0.008
212105,-0.046,-0.100,-1.006,0.008,0.034,-0.005
212106,0.039,-0.117,-1.026,0.004,-0.122,-0.002
212106,-0.043,-0.113,-0.950,-0.000,0.006,-0.000
212106,0.014,-0.131,-1.011,0.006,0.077,-0.006
212106,0.003,-0.120,-1.014,0.004,0.036,-0.004
212106,-0.008,-0.111,-0.988,0.003,-0.044,-0.001
212106,-0.001,-0.126,-0.984,0.005,-0.038,-0.002
212106,-0.003,-0.132,-0.982,0.004,-0.028,-0.004
212106,0.035,-0.109,-0.991,0.007,-0.055,-0.009
212106,-0.013,-0.115,-0.994,0.008,0.010,-0.005
212106,-0.007,-0.117,-1.007,0.002,0.078,-0.007
212106,0.026,-0.130,-1.003,-0.009,0.055,-0.003
212106,0.020,-0.131,-1.011,-0.009,-0.047,-0.004
212106,0.018,-0.130,-0.979,-0.008,-0.066,-0.002
212106,-0.008,-0.129,-0.955,-0.004,0.000,-0.001
212106,-0.002,-0.118,-0.996,0.005,0.071,-0.001
212106,-0.001,-0.131,-1.000,0.006,0.032,-0.006
212106,-0.008,-0.128,-1.012,-0.007,0.094,-0.004
212106,-0.003,-0.128,-0.978,0.003,0.029,-0.002
212106,0.056,-0.139,-1.014,0.009,-0.084,0.002
212106,-0.047,-0.120,-0.960,0.004,-0.035,-0.007
212106,0.026,-0.120,-0.994,-0.009,0.017,-0.007
212106,-0.038,-0.114,-1.008,-0.007,0.130,-0.002
212106,0.057,-0.137,-1.001,-0.003,0.071,-0.005
212106,0.004,-0.140,-0.987,0.006,-0.019,-0.007
212106,0.008,-0.136,-0.990,0.005,-0.071,-0.007
212106,0.004,-0.124,-0.996,-0.002,-0.085,-0.005
212106,-0.016,-0.104,-0.992,0.002,0.025,0.003
212106,0.010,-0.131,-0.992,-0.004,0.078,-0.008
212106,0.003,-0.126,-1.012,0.000,0.103,-0.007
212107,-0.041,-0.120,-0.991,-0.004,0.033,-0.005
212107,0.071,-0.141,-1.006,0.007,-0.176,-0.010
212107,-0.043,-0.137,-0.947,-0.003,0.009,0.002
212107,-0.019,-0.115,-1.003,-0.005,0.032,-0.004
212107,0.010,-0.118,-1.019,0.006,0.052,-0.005
212107,-0.007,-0.107,-1.013,0.004,0.084,0.001
212107,-0.024,-0.121,-0.999,0.007,0.018,0.003
212107,0.044,-0.128,-1.041,0.021,-0.114,-0.007
212107,-0.028,-0.114,-0.985,0.009,-0.066,-0.009
212107,-0.007,-0.117,-0.969,0.005,0.034,0.001
212107,0.022,-0.130,-1.017,0.002,0.060,-0.008
212107,-0.013,-0.108,-0.998,0.006,0.019,-0.006
212107,0.007,-0.119,-1.035,0.005,-0.081,-0.007
212107,-0.002,-0.131,-1.002,0.015,-0.087,-0.008
212107,0.023,-0.137,-0.965,0.006,-0.058,0.001
212107,-0.028,-0.106,-0.992,0.006,0.035,-0.004
212107,0.016,-0.117,-1.044,-0.000,0.022,-0.010
212107,-0.028,-0.126,-0.998,0.004,0.094,-0.009
212107,-0.015,-0.114,-0.980,0.006,0.015,-0.002
212107,0.050,-0.120,-1.035,0.015,-0.138,-0.002
212107,-0.031,-0.105,-0.990,-0.005,-0.043,0.000
212107,-0.043,-0.098,-1.017,-0.002,0.049,-0.011
212107,0.034,-0.137,-0.998,-0.005,-0.035,0.002
212107,0.010,-0.115,-1.017,0.001,0.067,-0.013
212107,0.061,-0.141,-1.017,0.005,-0.116,-0.010
212107,-0.018,-0.121,-1.015,-0.000,-0.100,-0.009
212107,-0.000,-0.138,-0.944,-0.009,-0.038,0.000
212107,-0.037,-0.101,-0.982,-0.016,0.085,-0.001
212108,0.023,-0.112,-1.050,-0.008,0.058,-0.010
212108,0.007,-0.097,-1.030,-0.002,0.094,-0.009
212108,-0.024,-0.096,-1.008,-0.006,-0.054,-0.002
212108,0.049,-0.137,-1.051,0.017,-0.169,-0.006
212108,-0.014,-0.133,-0.974,0.017,-0.092,-0.006
212108,0.029,-0.130,-0.977,-0.002,0.045,-0.007
212108,0.000,-0.133,-0.963,0.004,0.061,0.001
212108,0.047,-0.129,-0.996,0.010,0.024,-0.008
212108,-0.002,-0.102,-1.048,-0.003,-0.074,-0.002
212108,-0.014,-0.112,-1.030,0.000,-0.044,-0.004
212108,0.023,-0.128,-0.989,-0.002,0.051,0.002
212108,-0.022,-0.117,-1.015,-0.001,-0.094,-0.010
212108,-0.029,-0.129,-0.992,0.004,0.035,-0.003
212108,0.074,-0.127,-1.037,0.019,0.133,-0.001
212108,0.006,-0.117,-1.015,0.021,-0.042,-0.007
212108,-0.008,-0.115,-1.060,0.008,-0.075,0.000
212108,-0.019,-0.106,-1.001,-0.001,0.013,-0.000
212108,-0.020,-0.103,-1.029,0.004,0.033,-0.004
212108,-0.010,-0.130,-0.976,-0.005,0.009,-0.001
212108,0.025,-0.133,-1.031,0.008,0.092,-0.009
212108,-0.017,-0.124,-0.980,0.007,-0.002,-0.006
212108,0.018,-0.130,-1.003,0.005,-0.117,-0.006
212108,0.003,-0.134,-0.970,-0.006,-0.056,-0.001
212108,-0.019,-0.110,-0.981,-0.006,0.042,-0.003
212108,0.015,-0.122,-1.013,0.002,0.056,-0.006
212108,0.003,-0.114,-0.994,0.007,0.033,0.001
212108,-0.006,-0.124,-0.981,-0.006,-0.042,-0.015
212108,0.005,-0.129,-1.046,-0.007,-0.103,0.002
212108,-0.011,-0.118,-0.953,0.004,-0.038,-0.003
212109,-0.018,-0.113,-0.984,-0.003,-0.011,-0.009
212109,0.027,-0.135,-0.991,-0.001,0.112,0.003
212109,0.021,-0.134,-0.996,0.005,0.083,-0.002
212109,-0.004,-0.121,-0.970,0.012,0.035,-0.005
212109,0.010,-0.128,-1.036,0.016,-0.068,0.002
212109,0.023,-0.115,-0.995,0.023,-0.087,-0.003
212109,-0.023,-0.125,-0.941,0.009,0.010,-0.004
212109,0.033,-0.140,-1.009,-0.006,0.053,-0.007
212109,-0.009,-0.144,-0.995,-0.010,0.093,-0.001
212109,-0.061,-0.113,-0.956,0.001,0.109,-0.008
212109,0.045,-0.126,-1.044,0.004,-0.108,-0.003
212109,-0.014,-0.122,-0.984,0.003,-0.095,-0.002
212109,-0.005,-0.122,-0.961,-0.001,-0.033,-0.003
212109,0.006,-0.116,-1.027,-0.005,0.069,0.003
212109,0.026,-0.122,-1.031,0.002,0.086,-0.015
212109,-0.013,-0.120,-0.988,-0.005,0.030,-0.004
212109,0.036,-0.135,-1.013,0.007,-0.079,-0.009
212109,-0.017,-0.133,-1.016,0.009,-0.127,-0.004
212109,-0.041,-0.106,-0.956,-0.001,0.022,0.003
212109,-0.011,-0.120,-1.029,0.007,0.010,-0.010
212109,-0.028,-0.117,-1.014,0.001,0.061,-0.005
212109,-0.025,-0.099,-0.996,0.008,0.057,-0.006
212109,0.005,-0.118,-1.006,0.009,-0.012,-0.007
212109,0.003,-0.115,-1.019,0.009,-0.093,-0.005
212109,0.011,-0.116,-0.975,0.003,-0.044,0.005
212109,-0.025,-0.112,-1.005,0.002,0.032,-0.007
212109,0.001,-0.122,-1.001,0.004,0.089,-0.007
212109,-0.016,-0.109,-0.983,0.010,0.054,-0.003
212110,-0.029,-0.112,-1.008,0.002,-0.020,-0.007
212110,0.025,-0.138,-1.008,0.001,-0.151,-0.002
212110,-0.035,-0.101,-0.964,0.006,0.033,0.003
212110,-0.020,-0.121,-1.006,0.009,0.066,-0.009
212110,-0.015,-0.129,-0.982,0.005,0.088,-0.003
212110,-0.043,-0.092,-1.002,0.002,0.087,-0.006
212110,0.008,-0.123,-1.022,0.006,-0.045,-0.007
212110,-0.004,-0.123,-1.017,0.008,-0.140,-0.002
212110,-0.028,-0.136,-0.977,-0.004,-0.059,0.002
212110,0.026,-0.117,-0.999,-0.007,0.071,-0.005
212110,-0.014,-0.127,-0.975,0.002,0.020,-0.007
212110,-0.000,-0.121,-0.980,0.010,0.023,-0.009
212110,-0.028,-0.106,-1.007,0.006,0.038,-0.011
212110,-0.032,-0.109,-1.026,0.002,-0.026,-0.006
212110,0.027,-0.124,-1.014,0.004,-0.045,-0.001
212110,-0.017,-0.116,-0.984,-0.004,-0.059,-0.006
212110,-0.005,-0.128,-1.006,-0.010,0.073,-0.000
212110,0.028,-0.124,-0.995,-0.009,0.024,0.000
212110,-0.024,-0.111,-0.983,0.001,0.049,-0.003
212110,0.025,-0.128,-1.011,0.008,0.031,-0.004
212110,-0.021,-0.118,-1.015,0.009,-0.065,-0.007
212110,-0.042,-0.112,-0.974,0.009,-0.123,-0.001
212110,-0.002,-0.131,-1.018,-0.009,0.074,-0.003
212110,0.005,-0.110,-0.980,-0.006,0.107,-0.001
212110,0.012,-0.110,-0.987,-0.001,0.032,-0.009
212110,0.029,-0.139,-1.003,0.003,-0.057,-0.001
212110,0.024,-0.142,-0.985,0.005,-0.098,-0.001
212110,-0.027,-0.121,-0.978,0.006,-0.040,0.004
212110,0.024,-0.134,-1.010,0.009,0.046,-0.001
212111,0.029,-0.135,-0.951,0.008,0.013,-0.008
212111,-0.054,-0.112,-1.003,0.001,0.074,-0.001
212111,0.013,-0.119,-0.994,0.006,0.032,-0.006
212111,0.017,-0.118,-1.019,0.013,-0.011,-0.002
212111,0.005,-0.117,-0.960,0.005,-0.107,-0.001
212111,0.002,-0.127,-1.005,-0.002,0.041,-0.005
212111,0.008,-0.110,-0.983,-0.002,0.099,-0.004
212111,-0.004,-0.124,-0.986,0.001,0.053,-0.004
212111,0.013,-0.146,-0.984,0.009,-0.058,-0.004
212111,0.027,-0.127,-0.989,0.008,-0.093,-0.005
212111,0.005,-0.092,-1.010,-0.003,-0.047,-0.000
212111,0.000,-0.109,-1.019,-0.006,0.049,-0.004
212111,0.019,-0.138,-0.976,-0.002,0.063,-0.003
212111,-0.022,-0.119,-0.976,-0.005,0.072,-0.008
212111,0.007,-0.121,-1.004,-0.009,0.061,0.004
212111,-0.002,-0.121,-1.024,0.000,-0.050,-0.010
212111,-0.014,-0.110,-0.984,0.008,-0.081,0.004
212111,0.017,-0.115,-0.978,0.003,-0.039,0.004
212111,0.043,-0.129,-0.950,-0.008,0.061,-0.009
212111,-0.052,-0.106,-0.981,-0.005,0.160,-0.006
212111,0.015,-0.121,-1.005,-0.001,0.103,-0.005
212111,0.021,-0.117,-1.027,0.006,-0.102,-0.010
212111,-0.050,-0.111,-0.957,0.023,-0.110,-0.002
212111,0.023,-0.110,-1.017,0.001,-0.001,-0.002
212111,-0.002,-0.108,-0.968,-0.003,0.095,-0.002
212111,0.009,-0.113,-0.994,0.004,0.074,-0.006
212111,-0.032,-0.105,-1.017,0.009,0.046,-0.004
212111,0.027,-0.142,-1.011,-0.000,-0.079,-0.002
212112,-0.031,-0.129,-0.942,0.011,-0.133,-0.004
212112,-0.021,-0.114,-0.978,0.005,-0.048,-0.001
212112,0.031,-0.118,-0.999,-0.009,0.023,-0.007
212112,-0.017,-0.118,-0.975,-0.001,0.088,-0.007
212112,0.001,-0.131,-1.018,0.006,0.096,-0.005
212112,-0.019,-0.125,-1.017,0.008,-0.032,-0.009
212112,0.020,-0.124,-0.975,0.020,-0.072,-0.005
212112,-0.021,-0.112,-0.974,0.004,-0.091,-0.000
212112,-0.015,-0.125,-0.963,0.002,0.032,-0.012
212112,-0.017,-0.131,-0.977,0.015,0.078,-0.003
212112,-0.017,-0.110,-1.025,0.004,0.045,0.003
212112,-0.014,-0.117,-1.000,0.012,0.015,-0.012
212112,-0.008,-0.121,-0.999,0.002,-0.005,-0.004
212112,-0.004,-0.101,-0.990,0.009,-0.145,-0.008
212112,0.020,-0.131,-1.015,-0.004,-0.031,0.000
212112,-0.005,-0.132,-0.949,-0.012,0.066,-0.001
212112,-0.034,-0.109,-1.001,0.002,0.127,-0.007
212112,0.022,-0.123,-1.024,0.006,-0.071,-0.009
212112,-0.053,-0.101,-0.983,0.022,-0.122,-0.008
212112,-0.018,-0.106,-1.020,0.021,-0.032,-0.003
212112,-0.012,-0.110,-0.963,0.011,0.012,-0.006
212112,-0.019,-0.110,-1.012,0.005,0.024,-0.004
212112,-0.019,-0.107,-0.981,0.001,0.100,-0.002
212112,0.019,-0.139,-1.029,-0.005,0.026,-0.012
212112,-0.002,-0.119,-1.002,-0.001,-0.082,0.001
212112,-0.023,-0.107,-0.982,0.019,-0.115,-0.006
212112,-0.015,-0.116,-0.990,0.010,-0.002,-0.005
212112,-0.012,-0.087,-1.033,-0.002,0.047,0.004
212112,0.005,-0.102,-1.034,0.009,-0.015,-0.002
212113,-0.017,-0.120,-0.988,0.011,0.056,-0.001
212113,0.032,-0.136,-1.030,0.014,0.041,-0.009
212113,-0.023,-0.120,-0.965,0.007,-0.102,-0.009
212113,0.026,-0.107,-1.048,-0.007,-0.134,0.000
212113,-0.027,-0.105,-0.963,-0.009,0.032,0.002
212113,0.002,-0.101,-1.031,0.004,0.077,-0.004
212113,-0.044,-0.108,-1.036,-0.001,0.072,-0.008
212113,0.012,-0.121,-1.044,-0.011,0.054,-0.002
212113,-0.020,-0.128,-0.968,-0.006,-0.040,0.004
212113,-0.004,-0.133,-1.003,0.025,-0.061,-0.001
212113,-0.002,-0.109,-0.969,0.019,-0.016,-0.007
212113,-0.019,-0.098,-1.015,0.002,-0.021,-0.008
212113,-0.003,-0.101,-1.027,0.002,0.031,-0.002
212113,0.005,-0.110,-1.028,0.015,0.023,-0.006
212113,-0.007,-0.115,-1.012,0.003,-0.037,-0.006
212113,-0.003,-0.139,-1.037,0.011,-0.045,-0.001
212113,0.022,-0.109,-1.007,0.006,-0.039,0.003
212113,-0.017,-0.125,-0.964,0.000,-0.004,0.002
212113,0.014,-0.104,-0.983,-0.007,0.174,0.005
212113,-0.018,-0.105,-1.067,0.016,0.084,-0.013
212113,-0.043,-0.099,-0.985,0.002,-0.046,-0.008
212113,-0.016,-0.117,-0.998,-0.006,-0.032,-0.008
212113,0.002,-0.134,-1.009,-0.001,-0.054,-0.004
212113,0.014,-0.113,-0.996,0.006,-0.027,-0.002
212113,-0.031,-0.109,-0.986,-0.005,0.074,-0.008
212113,0.023,-0.132,-1.006,-0.010,0.122,-0.002
212113,-0.019,-0.131,-0.986,-0.001,0.035,-0.000
212113,0.050,-0.133,-1.019,0.007,-0.128,-0.006
212114,-0.018,-0.131,-0.995,-0.005,-0.094,-0.005
212114,0.041,-0.141,-0.951,0.002,-0.131,-0.002
212114,-0.016,-0.114,-0.921,-0.009,0.114,-0.003
212114,0.039,-0.123,-1.035,0.027,0.190,-0.009
212114,-0.032,-0.107,-0.945,0.011,-0.151,-0.006
212114,0.032,-0.130,-1.054,0.016,-0.143,0.005
212114,-0.001,-0.142,-0.924,0.002,0.025,-0.007
212114,0.029,-0.136,-0.973,-0.003,0.069,0.001
212114,-0.041,-0.106,-0.981,-0.009,0.057,0.000
212114,0.007,-0.105,-1.028,0.004,0.051,-0.009
212114,-0.022,-0.113,-1.050,-0.005,0.100,-0.002
212114,0.042,-0.146,-1.021,0.001,-0.044,-0.004
212114,-0.005,-0.138,-0.975,0.004,-0.022,-0.004
212114,0.030,-0.127,-0.992,-0.004,-0.048,-0.001
212114,-0.042,-0.113,-1.004,-0.006,-0.033,-0.004
212114,-0.003,-0.105,-1.012,-0.007,0.040,-0.003
212114,0.026,-0.119,-1.048,-0.001,0.107,-0.005
212114,0.041,-0.114,-1.035,-0.002,-0.067,-0.005
212114,-0.028,-0.103,-1.003,-0.010,-0.028,0.004
212114,0.022,-0.130,-1.010,0.005,-0.048,-0.002
212114,0.006,-0.106,-0.987,0.008,-0.033,-0.003
212114,-0.044,-0.119,-1.012,0.008,0.044,-0.006
212114,0.028,-0.115,-1.023,0.005,0.086,-0.005
212114,-0.042,-0.097,-0.969,0.002,0.015,-0.007
212114,0.041,-0.132,-1.021,0.005,-0.122,-0.005
212114,-0.026,-0.123,-0.983,0.004,-0.061,-0.012
212114,0.006,-0.095,-0.999,-0.006,-0.007,-0.004
212114,-0.039,-0.089,-0.997,0.003,-0.016,-0.008
212114,0.010,-0.119,-1.006,0.008,0.030,-0.010
212115,-0.040,-0.090,-0.978,0.005,0.035,-0.005
212115,0.051,-0.127,-1.050,0.005,-0.134,-0.001
212115,-0.006,-0.131,-0.963,0.011,-0.081,-0.001
212115,0.007,-0.128,-0.965,-0.011,0.004,0.002
212115,-0.029,-0.112,-1.018,-0.008,0.019,-0.006
212115,-0.013,-0.117,-1.018,-0.000,0.010,-0.010
212115,-0.051,-0.121,-0.969,0.008,0.065,-0.006
212115,-0.009,-0.123,-1.010,-0.006,0.017,-0.005
212115,0.010,-0.114,-1.019,-0.002,-0.073,-0.007
212115,0.020,-0.104,-0.995,0.006,-0.018,-0.002
212115,-0.001,-0.115,-0.984,0.003,-0.043,-0.010
212115,-0.018,-0.126,-1.027,0.000,0.059,-0.003
212115,-0.017,-0.114,-0.960,-0.002,0.084,-0.005
212115,-0.012,-0.123,-0.996,0.008,0.046,-0.005
212115,0.023,-0.137,-1.009,0.009,-0.069,-0.005
212115,-0.026,-0.131,-0.958,0.004,-0.144,-0.014
212115,-0.010,-0.100,-0.965,-0.013,-0.022,-0.003
212115,0.042,-0.119,-1.056,-0.009,0.132,-0.004
212115,0.005,-0.126,-0.954,0.009,0.070,-0.006
212115,-0.046,-0.124,-0.990,0.012,0.087,-0.003
212115,-0.003,-0.118,-1.030,0.010,-0.014,-0.004
212115,0.015,-0.124,-0.982,0.013,-0.049,-0.001
212115,-0.014,-0.127,-0.943,0.014,-0.097,-0.002
212115,0.003,-0.117,-1.033,0.009,0.040,0.000
212115,0.012,-0.146,-0.962,0.007,0.082,-0.007
212115,0.003,-0.119,-0.985,0.005,0.061,-0.003
212115,0.015,-0.121,-1.018,-0.004,0.055,-0.004
212115,-0.008,-0.116,-1.027,0.001,0.000,-0.001
212116,-0.028,-0.125,-0.978,-0.000,-0.049,-0.002
212116,0.017,-0.119,-0.957,-0.007,0.003,-0.004
212116,0.015,-0.118,-0.991,-0.015,0.050,-0.016
212116,-0.032,-0.113,-1.008,-0.002,0.087,-0.005
212116,-0.007,-0.128,-1.029,0.003,0.012,-0.003
212116,-0.002,-0.149,-1.008,0.007,-0.023,-0.004
212116,0.019,-0.145,-0.964,0.007,-0.035,-0.001
212116,-0.013,-0.125,-0.973,0.004,-0.062,-0.000
212116,-0.000,-0.114,-1.011,0.010,0.001,0.001
212116,-0.028,-0.116,-0.920,0.003,0.083,-0.010
212116,0.018,-0.128,-0.997,-0.016,0.110,-0.005
212116,-0.016,-0.107,-1.030,-0.009,-0.005,-0.009
212116,0.007,-0.119,-0.995,-0.008,-0.072,-0.003
212116,-0.015,-0.112,-0.993,0.006,0.015,-0.002
212116,0.053,-0.126,-0.981,0.001,0.010,-0.001
212116,0.000,-0.098,-0.978,-0.015,0.030,-0.012
212116,-0.025,-0.103,-1.003,-0.002,0.130,0.002
212116,-0.025,-0.117,-1.026,0.014,0.044,-0.009
212116,0.012,-0.115,-0.981,0.007,-0.081,-0.007
212116,-0.039,-0.120,-0.965,0.008,-0.094,0.001
212116,-0.013,-0.122,-0.999,0.001,0.001,-0.007
212116,-0.040,-0.110,-0.976,0.005,0.082,-0.006
212116,0.000,-0.115,-1.023,-0.009,0.046,-0.004
212116,-0.022,-0.113,-1.014,0.000,-0.013,-0.005
212116,0.002,-0.113,-1.039,0.009,-0.005,0.002
212116,0.012,-0.118,-0.985,0.005,-0.017,-0.002
212116,0.043,-0.132,-0.968,-0.004,-0.060,-0.008
212116,-0.013,-0.137,-0.979,-0.003,0.039,0.002
212116,-0.019,-0.110,-0.990,-0.001,0.085,0.000
212117,-0.005,-0.144,-1.045,0.010,0.072,-0.004
212117,-0.019,-0.155,-1.020,0.007,0.035,0.001
212117,0.004,-0.110,-0.972,-0.001,-0.033,-0.003
212117,0.008,-0.125,-1.024,0.004,-0.065,0.002
212117,0.024,-0.100,-1.015,0.010,-0.076,-0.000
212117,-0.032,-0.093,-0.970,0.001,0.020,-0.005
212117,-0.018,-0.119,-1.043,-0.001,0.104,-0.009
212117,-0.005,-0.128,-1.009,-0.003,-0.028,0.003
212117,-0.029,-0.155,-0.961,0.002,0.040,-0.004
212117,0.015,-0.119,-0.989,-0.000,-0.002,-0.004
212117,0.030,-0.116,-1.035,0.005,-0.103,-0.002
212117,-0.038,-0.112,-0.929,-0.001,0.029,-0.001
212117,0.004,-0.125,-1.014,0.001,0.100,-0.004
212117,0.026,-0.149,-0.991,0.002,0.122,0.000
212117,0.024,-0.137,-0.948,-0.003,0.013,-0.006
212117,-0.002,-0.115,-0.996,-0.004,-0.050,-0.005
212117,0.017,-0.121,-1.004,-0.002,-0.110,-0.004
212117,-0.008,-0.120,-0.968,0.006,-0.087,-0.000
212117,-0.014,-0.113,-0.961,0.004,0.070,-0.001
212117,0.030,-0.137,-1.033,0.019,0.159,-0.011
212117,-0.018,-0.118,-0.969,-0.000,0.030,-0.008
212117,-0.042,-0.109,-1.021,0.003,-0.061,-0.008
212117,0.017,-0.128,-1.002,0.013,-0.113,-0.001
212117,-0.042,-0.106,-0.989,0.007,-0.037,-0.004
212117,0.010,-0.119,-0.995,-0.001,0.011,0.000
212117,-0.013,-0.107,-1.007,0.000,0.099,0.000
212117,0.026,-0.138,-1.022,0.020,0.119,-0.007
212117,-0.036,-0.103,-1.027,0.003,0.046,-0.003
212118,-0.015,-0.117,-1.026,0.005,-0.038,-0.001
212118,-0.016,-0.135,-1.004,0.003,-0.055,-0.011
212118,0.044,-0.126,-0.961,-0.005,0.002,0.006
212118,0.017,-0.118,-0.983,0.007,0.009,-0.007
212118,0.013,-0.123,-1.064,0.002,0.098,-0.011
212118,-0.054,-0.119,-0.968,-0.003,0.117,-0.001
212118,0.034,-0.125,-1.023,-0.003,-0.082,-0.010
212118,-0.002,-0.125,-0.994,0.004,-0.075,-0.005
212118,0.003,-0.123,-0.971,0.004,-0.071,-0.004
212118,-0.007,-0.117,-0.958,-0.010,-0.045,-0.004
212118,-0.007,-0.122,-1.005,-0.011,0.042,-0.004
212118,-0.040,-0.103,-0.971,-0.003,0.139,-0.003
212118,0.025,-0.116,-1.013,-0.001,0.019,0.002
212118,-0.020,-0.123,-0.997,0.009,-0.044,-0.007
212118,0.045,-0.142,-0.984,0.002,-0.057,-0.003
212118,-0.017,-0.118,-0.961,-0.005,-0.062,0.003
212118,0.003,-0.121,-0.991,-0.005,-0.015,-0.002
212118,-0.039,-0.138,-0.956,0.016,0.126,-0.005
212118,0.032,-0.130,-0.990,0.016,0.057,-0.011
212118,0.029,-0.136,-1.014,0.009,-0.036,-0.007
212118,0.012,-0.132,-0.989,0.001,-0.038,-0.002
212118,0.004,-0.128,-0.960,0.010,-0.083,-0.001
212118,0.003,-0.126,-1.028,0.000,-0.009,0.000
212118,0.013,-0.130,-0.998,-0.005,0.084,0.003
212118,-0.024,-0.097,-0.968,-0.004,0.133,-0.010
212118,0.044,-0.134,-1.013,0.003,0.069,-0.001
212118,-0.011,-0.121,-0.977,0.011,-0.024,-0.004
212118,0.018,-0.118,-0.978,0.017,-0.087,-0.012
212118,-0.036,-0.097,-1.036,-0.003,-0.025,0.006
212119,-0.006,-0.103,-0.989,-0.003,0.011,-0.000
212119,0.007,-0.149,-0.964,0.010,0.043,-0.009
212119,-0.001,-0.113,-1.009,0.003,0.063,-0.003
212119,-0.005,-0.119,-1.012,0.014,0.010,-0.011
212119,-0.006,-0.123,-0.956,0.010,-0.071,-0.007
212119,-0.018,-0.107,-0.971,0.010,-0.095,-0.003
212119,-0.008,-0.112,-0.988,0.020,-0.079,0.001
212119,-0.010,-0.138,-0.958,0.022,-0.011,-0.008
212119,-0.024,-0.118,-1.016,0.016,0.087,-0.005
212119,0.005,-0.131,-1.030,0.016,0.094,0.001
212119,0.009,-0.138,-1.005,0.008,0.021,-0.004
212119,-0.015,-0.139,-0.943,0.013,-0.070,0.001
212119,0.011,-0.130,-0.994,0.007,-0.084,0.001
212119,0.040,-0.136,-0.988,0.009,-0.057,-0.007
212119,-0.039,-0.120,-0.961,-0.020,0.069,-0.010
212119,0.015,-0.117,-1.026,-0.004,0.120,0.000
212119,-0.009,-0.122,-1.026,-0.002,0.068,0.004
212119,0.003,-0.106,-0.976,0.007,-0.100,-0.005
212119,-0.013,-0.110,-1.018,-0.003,-0.037,-0.009
212119,0.037,-0.131,-0.992,0.001,-0.033,-0.000
212119,-0.014,-0.107,-1.002,0.006,0.013,-0.004
212119,-0.016,-0.118,-0.995,-0.000,0.088,0.002
212119,0.051,-0.131,-1.032,-0.007,0.102,0.000
212119,-0.014,-0.111,-0.952,-0.006,-0.099,-0.002
212119,-0.008,-0.113,-1.029,0.001,-0.078,0.006
212119,0.065,-0.139,-0.989,0.014,-0.088,-0.000
212119,-0.025,-0.130,-0.943,-0.004,0.017,-0.008
212119,0.026,-0.112,-0.995,-0.013,0.105,-0.002
212120,0.004,-0.116,-1.021,-0.008,0.091,-0.003
212120,0.021,-0.129,-0.975,0.010,0.046,-0.005
212120,0.021,-0.131,-1.003,0.017,-0.092,-0.002
212120,0.020,-0.117,-1.014,0.011,-0.127,-0.001
212120,-0.003,-0.113,-0.959,0.003,0.019,0.001
212120,0.003,-0.120,-1.007,0.002,0.051,-0.003
212120,0.026,-0.123,-1.000,0.006,-0.033,-0.000
212120,-0.011,-0.114,-1.029,0.002,0.080,0.004
212120,0.019,-0.131,-0.987,-0.005,-0.019,-0.004
212120,0.011,-0.144,-1.007,0.001,-0.092,-0.005
212120,0.052,-0.140,-0.975,-0.007,-0.110,0.002
212120,-0.019,-0.130,-0.980,-0.014,-0.067,0.000
212120,0.035,-0.122,-1.008,-0.015,0.042,0.001
212120,0.017,-0.125,-1.003,-0.001,0.099,-0.001
212120,-0.015,-0.105,-1.013,0.003,0.030,-0.004
212120,0.014,-0.104,-1.044,-0.002,-0.079,-0.007
212120,0.012,-0.135,-0.994,-0.010,-0.112,-0.002
212120,0.018,-0.113,-0.986,-0.015,-0.051,0.007
212120,-0.004,-0.103,-1.000,-0.018,0.003,-0.000
212120,0.025,-0.134,-1.026,-0.005,0.122,-0.007
212120,-0.015,-0.104,-0.981,-0.003,0.083,0.006
212120,0.002,-0.123,-1.013,-0.000,-0.036,-0.003
212120,0.014,-0.131,-1.011,0.012,-0.127,0.000
212120,0.003,-0.116,-0.972,0.012,-0.090,0.006
212120,-0.034,-0.105,-1.006,0.006,-0.065,0.001
212120,-0.009,-0.103,-1.026,-0.020,0.053,-0.000
212120,-0.005,-0.125,-0.986,-0.009,0.111,0.007
212120,-0.005,-0.119,-0.987,0.005,0.103,-0.001
212120,-0.020,-0.114,-1.013,0.001,-0.057,-0.006
212121,0.043,-0.120,-0.994,-0.001,-0.085,0.001
212121,-0.017,-0.102,-0.990,-0.000,-0.128,0.004
212121,0.008,-0.117,-1.026,-0.004,-0.046,0.003
212121,0.005,-0.121,-0.996,-0.005,0.060,0.002
212121,-0.028,-0.117,-0.978,0.007,0.121,0.001
212121,0.036,-0.122,-1.019,0.005,0.047,0.005
212121,0.015,-0.131,-1.015,-0.009,-0.084,-0.007
212121,-0.025,-0.105,-0.952,-0.002,-0.154,-0.000
212121,0.000,-0.122,-1.002,-0.002,-0.056,0.006
212121,0.026,-0.135,-0.967,-0.014,0.068,0.005
212121,-0.015,-0.127,-0.993,-0.004,0.129,0.002
212121,0.033,-0.128,-1.025,0.001,0.019,0.008
212121,0.015,-0.131,-0.975,0.007,-0.055,0.002
212121,0.019,-0.138,-0.953,0.012,-0.146,0.008
212121,-0.006,-0.114,-1.007,0.015,-0.121,0.002
212121,0.015,-0.114,-1.015,0.002,-0.020,0.005
212121,0.010,-0.107,-0.957,-0.015,0.078,0.004
212121,0.002,-0.099,-1.022,-0.006,0.116,0.004
212121,0.025,-0.102,-1.038,0.014,0.064,0.003
212121,0.006,-0.116,-0.997,0.015,-0.186,0.006
212121,-0.032,-0.119,-0.960,0.022,-0.121,0.008
212121,-0.010,-0.109,-1.002,-0.019,-0.022,0.003
212121,0.033,-0.120,-0.998,-0.025,0.013,-0.002
212121,-0.002,-0.114,-0.968,-0.003,0.151,0.009
212121,-0.025,-0.120,-1.034,0.017,0.055,-0.004
212121,0.088,-0.136,-0.952,0.001,-0.138,0.004
212121,-0.020,-0.101,-0.979,0.008,-0.133,0.009
212121,0.015,-0.118,-0.990,0.013,-0.091,0.005
212122,0.037,-0.129,-0.996,0.002,-0.048,0.004
212122,0.030,-0.135,-0.988,0.004,0.020,0.002
212122,-0.009,-0.118,-0.989,0.006,0.033,-0.002
212122,0.057,-0.128,-0.988,-0.013,-0.005,0.007
212122,0.005,-0.111,-1.004,-0.005,0.030,-0.003
212122,0.007,-0.133,-0.977,0.006,-0.043,0.006
212122,0.008,-0.117,-1.008,0.005,-0.060,0.001
212122,0.030,-0.110,-0.981,-0.002,-0.038,0.010
212122,-0.022,-0.103,-0.957,-0.004,-0.012,0.002
212122,0.038,-0.126,-1.034,0.012,0.000,0.003
212122,-0.003,-0.108,-0.994,0.007,0.022,0.008
212122,0.012,-0.122,-0.953,0.001,-0.003,0.003
212122,0.037,-0.129,-1.006,-0.001,-0.064,0.006
212122,-0.008,-0.113,-0.962,-0.011,-0.028,0.008
212122,-0.005,-0.103,-0.971,-0.017,0.010,0.001
212122,0.032,-0.109,-1.026,-0.007,0.066,0.005
212122,0.027,-0.117,-0.988,-0.011,0.035,0.002
212122,-0.002,-0.119,-0.953,-0.016,0.044,0.009
212122,0.043,-0.123,-0.975,-0.009,-0.033,-0.002
212122,0.028,-0.123,-0.959,-0.008,-0.085,0.005
212122,-0.018,-0.112,-0.939,-0.006,-0.022,0.006
212122,0.031,-0.102,-1.009,-0.003,0.077,0.002
212122,0.029,-0.104,-0.998,-0.016,0.098,0.002
212122,-0.041,-0.104,-0.950,-0.010,0.120,0.003
212122,0.045,-0.125,-0.978,0.002,-0.100,0.002
212122,0.025,-0.125,-0.974,0.008,-0.163,0.002
212122,0.038,-0.120,-0.943,0.003,-0.024,0.011
212122,0.023,-0.114,-0.965,-0.007,0.058,-0.002
212122,0.016,-0.122,-0.981,0.002,0.098,0.010
212123,0.016,-0.119,-0.983,0.009,0.056,0.005
212123,0.028,-0.130,-0.961,0.015,0.002,0.003
212123,0.032,-0.129,-0.975,-0.003,-0.027,-0.001
212123,0.040,-0.127,-0.965,-0.003,-0.047,0.007
212123,0.009,-0.120,-0.937,0.003,-0.095,0.007
212123,-0.001,-0.113,-1.003,0.002,0.003,0.006
212123,0.023,-0.131,-0.954,-0.014,0.134,0.002
212123,0.006,-0.130,-0.948,0.002,0.120,0.001
212123,0.040,-0.114,-1.008,-0.003,-0.014,0.002
212123,0.013,-0.116,-0.964,0.020,-0.151,0.000
212123,0.025,-0.123,-0.980,0.004,-0.056,0.003
212123,0.001,-0.113,-1.001,0.005,0.004,0.008
212123,0.046,-0.141,-0.943,-0.008,0.074,0.004
212123,0.043,-0.117,-1.006,-0.008,0.054,0.010
212123,-0.000,-0.110,-0.966,0.012,0.120,0.002
212123,0.042,-0.117,-1.028,0.004,-0.116,0.005
212123,-0.001,-0.087,-0.969,0.001,-0.078,0.004
212123,0.012,-0.106,-0.997,-0.010,0.033,0.007
212123,0.024,-0.112,-0.982,-0.002,0.101,0.002
212123,0.026,-0.114,-0.983,0.011,0.039,0.004
212123,0.031,-0.114,-0.969,-0.004,0.074,0.007
212123,0.019,-0.118,-0.998,0.008,0.041,-0.001
212123,0.065,-0.144,-1.009,0.006,-0.081,0.001
212155,-0.019,-0.117,-0.953,0.008,-0.096,-0.004
212155,0.012,-0.125,-1.002,0.007,-0.058,0.004
212155,0.035,-0.133,-0.997,0.009,0.018,0.004
212155,0.015,-0.092,-0.989,-0.003,0.084,0.004
212155,0.031,-0.112,-1.031,0.006,0.091,0.003
212155,0.020,-0.146,-1.002,-0.002,-0.012,0.003
212155,0.041,-0.130,-0.980,-0.004,-0.073,0.004
212155,-0.032,-0.124,-0.975,0.001,-0.034,0.004
212155,-0.009,-0.099,-0.990,0.010,0.005,0.004
212155,0.022,-0.106,-1.003,0.008,-0.009,0.006
212155,0.007,-0.114,-1.009,-0.001,0.108,0.004
212155,0.005,-0.109,-1.043,-0.011,0.029,0.010
212155,0.045,-0.100,-1.005,0.002,-0.080,0.003
212155,-0.024,-0.103,-1.025,-0.002,-0.057,-0.000
212155,0.031,-0.114,-1.018,0.010,-0.072,0.003
212155,0.016,-0.106,-0.983,-0.002,0.029,0.006
212155,-0.007,-0.103,-1.003,-0.005,0.101,0.001
212155,0.026,-0.119,-1.030,0.003,0.106,0.001
212155,0.066,-0.127,-0.987,0.002,-0.081,-0.000
212155,0.008,-0.112,-0.961,0.016,-0.085,-0.002
212155,0.023,-0.115,-1.033,0.009,-0.039,0.007
212155,0.020,-0.102,-0.998,0.005,-0.013,0.004
212155,0.049,-0.112,-0.989,0.002,-0.020,0.007
212155,0.021,-0.120,-1.015,0.008,0.076,0.013
212155,0.061,-0.148,-0.993,0.002,0.016,-0.003
212155,0.008,-0.130,-0.982,-0.008,0.028,0.002
212155,0.061,-0.127,-1.079,0.001,-0.119,0.010
212155,0.026,-0.120,-0.973,-0.006,-0.049,0.006
212155,0.040,-0.125,-0.974,-0.008,-0.029,0.007
212155,0.011,-0.117,-0.990,-0.010,0.052,0.009
212155,0.069,-0.126,-1.032,-0.003,0.086,0.006
212155,0.048,-0.120,-1.019,-0.009,0.066,0.012
212155,-0.013,-0.124,-0.959,-0.001,0.066,0.003
212155,0.042,-0.109,-1.026,0.002,-0.114,0.006
212155,0.057,-0.110,-0.978,0.019,-0.091,0.004
212155,0.038,-0.125,-0.972,-0.007,-0.061,0.010
212155,-0.039,-0.101,-0.972,-0.026,0.041,0.005
212155,0.064,-0.134,-1.039,-0.004,0.202,0.005
212155,0.043,-0.102,-1.017,0.002,0.047,0.003
212155,0.021,-0.111,-0.986,-0.009,0.010,0.005
212155,0.026,-0.137,-0.985,-0.003,-0.155,0.003
212155,0.023,-0.127,-0.964,0.001,-0.062,0.015
212155,0.028,-0.105,-1.006,-0.008,-0.018,0.006
212155,0.024,-0.131,-1.012,-0.018,0.046,0.000
212155,-0.035,-0.116,-0.978,0.004,0.169,0.008
212155,0.047,-0.110,-1.026,0.013,-0.043,-0.002
212155,0.003,-0.111,-1.011,0.000,-0.076,0.002
212155,0.037,-0.099,-1.022,0.010,-0.052,0.008
212155,-0.004,-0.101,-0.952,0.009,-0.086,0.001
212155,0.027,-0.125,-1.045,-0.004,0.155,0.007
212155,0.034,-0.152,-0.963,0.016,0.131,-0.001
212155,-0.025,-0.117,-1.020,0.010,0.019,0.003
212155,0.038,-0.129,-0.982,0.001,-0.001,0.008
212155,0.012,-0.129,-0.996,0.009,-0.070,-0.005
212155,0.024,-0.105,-1.008,0.007,-0.037,0.003
212155,0.028,-0.097,-1.001,0.006,-0.039,0.003
212155,0.063,-0.131,-1.027,-0.004,-0.050,0.010
212155,0.016,-0.115,-0.959,-0.005,0.076,0.012
212155,-0.004,-0.130,-1.004,0.008,0.057,-0.003
212155,0.056,-0.129,-0.987,0.007,-0.004,0.005
212155,0.009,-0.118,-0.988,0.013,0.010,0.003
212155,0.020,-0.119,-0.959,0.008,-0.091,-0.004
212155,0.061,-0.113,-1.066,-0.003,-0.085,0.011
212155,0.001,-0.119,-0.946,0.002,0.099,0.010
212155,-0.005,-0.105,-0.995,0.008,0.094,0.003
212155,0.056,-0.138,-0.981,-0.002,0.076,0.005
212155,0.016,-0.142,-1.030,0.009,0.074,0.004
212155,0.044,-0.108,-0.979,0.000,-0.083,0.003
212155,0.048,-0.135,-1.023,-0.003,-0.120,0.002
212155,0.027,-0.105,-1.002,-0.009,-0.023,0.012
212155,-0.043,-0.097,-0.990,-0.019,0.010,-0.004
212155,0.050,-0.122,-1.042,-0.024,0.106,0.000
212155,0.040,-0.125,-1.022,-0.006,0.166,0.002
212155,0.059,-0.135,-0.952,-0.001,-0.131,-0.005
212155,0.057,-0.112,-1.034,0.019,-0.167,0.000
212155,0.027,-0.130,-1.003,-0.009,-0.012,0.004
212155,-0.003,-0.116,-0.976,-0.014,-0.002,-0.001
212155,0.023,-0.117,-1.007,-0.011,0.003,0.001
212155,0.028,-0.129,-1.012,0.000,0.105,0.004
212155,0.050,-0.128,-0.974,0.009,0.049,-0.001
212155,-0.006,-0.102,-0.992,0.002,0.052,0.004
212155,0.044,-0.114,-1.030,-0.004,-0.066,0.007
212155,-0.008,-0.111,-1.010,0.003,-0.111,-0.004
212155,0.035,-0.110,-0.942,0.005,0.015,0.014
212155,0.022,-0.138,-1.020,0.009,0.101,0.006
212155,0.029,-0.121,-1.034,0.008,0.026,0.000
212155,-0.070,-0.102,-0.971,0.001,0.153,0.007
212155,0.080,-0.118,-1.020,-0.008,-0.042,0.001
212155,0.017,-0.119,-1.017,0.002,-0.073,0.003
212155,0.005,-0.127,-0.990,0.007,-0.115,0.008
212155,0.018,-0.120,-1.009,-0.004,-0.014,0.007
212155,0.025,-0.119,-1.034,-0.006,0.056,0.001
212155,0.021,-0.126,-0.983,-0.004,0.095,0.009
212155,0.009,-0.119,-0.975,0.016,0.112,0.001
212155,0.036,-0.126,-1.037,0.010,-0.073,0.002
212155,0.007,-0.124,-0.971,0.009,-0.075,0.000
212155,0.073,-0.131,-1.024,0.010,-0.052,0.004
212155,0.009,-0.109,-0.994,0.005,-0.050,0.002
212155,0.021,-0.141,-0.965,-0.002,0.036,0.004
212155,0.023,-0.123,-0.986,-0.004,0.119,0.000
212155,-0.006,-0.111,-1.017,0.012,0.084,0.001
212155,0.040,-0.127,-1.002,0.009,-0.098,-0.000
212155,0.043,-0.124,-0.960,0.019,-0.046,-0.005
212155,0.029,-0.104,-1.009,0.006,-0.083,0.005
212155,0.044,-0.130,-1.029,-0.002,-0.004,0.006
212155,0.019,-0.132,-0.965,-0.002,0.081,0.005
212155,0.002,-0.117,-0.972,0.003,0.118,0.009
212155,0.041,-0.131,-1.020,0.007,0.041,0.008
212155,0.019,-0.121,-0.986,0.008,-0.055,0.004
212155,0.008,-0.108,-1.007,0.002,-0.046,0.006
212155,0.023,-0.106,-1.040,-0.007,-0.044,0.011
212155,0.060,-0.117,-1.024,0.001,-0.035,0.006
212155,-0.006,-0.107,-0.986,0.006,0.082,0.005
212155,0.033,-0.123,-0.983,0.006,0.090,0.002
212155,0.019,-0.132,-1.016,0.007,0.062,0.008
212155,0.038,-0.117,-0.999,0.009,0.000,-0.001
212155,-0.006,-0.112,-1.025,0.011,-0.021,0.008
212155,0.034,-0.138,-1.028,0.027,-0.059,0.004
212155,0.045,-0.112,-1.032,0.015,-0.105,0.007
212155,-0.023,-0.100,-0.990,0.006,0.008,0.002
212155,0.039,-0.120,-1.039,0.005,0.118,0.008
212155,0.064,-0.136,-1.005,0.020,0.086,0.005
212155,0.001,-0.120,-1.046,0.024,-0.040,0.007
212155,0.016,-0.136,-1.006,0.021,-0.078,0.001
212155,0.064,-0.148,-1.044,0.005,-0.128,0.006
212155,-0.049,-0.109,-0.993,-0.005,-0.037,0.002
212155,0.051,-0.098,-1.045,0.001,0.083,0.008
212155,0.017,-0.114,-1.035,0.005,0.090,0.005
212155,0.038,-0.135,-1.011,0.009,-0.033,-0.005
212155,0.002,-0.118,-1.015,0.001,-0.010,0.005
212155,0.065,-0.156,-1.052,0.011,-0.128,0.005
212155,0.026,-0.137,-0.984,0.020,-0.082,0.004
212155,-0.010,-0.114,-0.996,0.002,-0.036,0.007
212155,0.050,-0.129,-1.058,-0.001,0.094,0.003
212155,0.041,-0.133,-1.012,0.006,0.048,0.005
212155,0.012,-0.117,-1.001,-0.003,0.066,0.001
212155,0.034,-0.152,-1.056,-0.004,0.000,0.004
212155,0.051,-0.126,-1.030,0.011,-0.095,-0.001
212155,-0.025,-0.121,-0.991,0.017,-0.091,0.008
212155,0.025,-0.109,-1.030,0.015,-0.057,-0.001
212155,0.029,-0.110,-1.012,-0.005,0.058,0.001
212155,-0.014,-0.100,-1.000,-0.000,0.154,0.001
212155,0.039,-0.122,-1.021,0.011,-0.003,0.007
212155,0.029,-0.131,-1.011,0.021,-0.015,-0.001
212155,0.039,-0.119,-1.042,0.027,-0.070,0.004
212155,0.004,-0.106,-1.013,0.013,-0.082,0.000
212155,0.077,-0.139,-1.055,0.023,-0.138,0.007
212155,0.017,-0.128,-1.006,0.011,0.039,0.009
212155,0.002,-0.105,-1.042,0.028,0.131,0.002
212155,0.076,-0.143,-1.068,0.026,0.034,0.002
212155,-0.005,-0.139,-1.031,0.011,0.029,0.009
212155,0.058,-0.138,-1.007,0.013,-0.103,0.000
212155,0.034,-0.157,-1.059,0.028,-0.121,0.003
212155,0.032,-0.146,-1.027,0.020,-0.037,0.009
212155,-0.021,-0.131,-1.016,0.007,-0.019,0.003
212155,0.039,-0.120,-1.053,-0.001,0.120,0.005
212155,0.017,-0.135,-1.064,0.010,0.194,0.004
212155,0.035,-0.159,-1.013,0.001,-0.035,0.006
212155,0.016,-0.132,-1.063,0.015,-0.109,0.007
212155,0.055,-0.135,-1.035,0.015,-0.124,0.005
212155,-0.019,-0.120,-0.980,-0.004,0.036,0.008
212155,0.005,-0.133,-1.026,-0.012,0.103,0.007
212155,0.026,-0.140,-1.045,-0.008,0.067,0.001
212155,0.032,-0.137,-1.025,0.004,-0.003,0.010
212155,-0.021,-0.128,-1.001,-0.003,0.058,0.005
212155,0.024,-0.137,-1.046,0.007,-0.039,0.000
212155,0.052,-0.136,-1.027,0.017,-0.107,0.008
212155,-0.011,-0.126,-0.958,0.022,-0.056,0.009
212155,0.015,-0.134,-1.038,0.004,0.051,0.003
212155,0.031,-0.143,-1.035,-0.005,0.060,0.001
212155,0.009,-0.126,-0.969,-0.006,0.110,-0.003
212155,0.035,-0.139,-1.060,0.000,0.017,0.003
212155,0.042,-0.125,-1.060,0.014,-0.078,0.001
212155,0.006,-0.126,-0.990,0.026,-0.128,0.003
212155,-0.004,-0.129,-1.031,0.014,0.017,0.008
212155,0.050,-0.136,-1.041,0.010,0.040,0.001
212155,0.013,-0.124,-1.000,-0.000,0.162,0.004
212155,-0.010,-0.107,-1.062,0.012,0.157,0.003
212155,0.053,-0.140,-1.045,0.010,-0.018,0.008
212155,0.031,-0.144,-1.025,0.018,-0.054,-0.001
212155,0.031,-0.128,-1.024,0.011,-0.097,0.004
212155,0.013,-0.118,-1.029,0.005,-0.040,0.008
212155,0.058,-0.141,-1.038,-0.004,-0.035,0.006
212155,-0.027,-0.136,-0.988,0.001,0.107,0.008
212155,0.004,-0.123,-1.012,0.007,0.098,0.000
212155,0.014,-0.132,-1.040,0.010,0.012,-0.000
212155,0.020,-0.123,-1.010,0.006,-0.088,0.001
212155,0.003,-0.110,-1.020,0.008,-0.093,0.007
212155,0.049,-0.134,-1.008,0.011,-0.041,0.001
212155,0.016,-0.134,-1.000,0.002,0.014,0.003
212155,0.003,-0.123,-0.991,-0.006,0.054,0.002
212155,0.031,-0.126,-1.033,0.002,0.053,-0.002
212155,-0.024,-0.111,-1.010,-0.005,0.019,0.003
212155,0.035,-0.126,-0.992,-0.001,-0.047,0.001
212155,0.035,-0.128,-1.029,0.008,-0.079,-0.000
212155,0.052,-0.139,-1.040,0.002,-0.093,0.007
212155,-0.004,-0.117,-0.974,0.005,-0.053,0.008
212155,0.001,-0.118,-1.008,-0.007,0.024,0.005
212155,0.009,-0.122,-1.056,-0.008,0.037,0.004
212155,0.009,-0.119,-0.993,-0.003,0.004,0.009
212155,-0.003,-0.124,-0.984,0.003,0.028,-0.004
212155,0.052,-0.133,-1.050,0.001,-0.056,0.001
212155,0.033,-0.127,-1.034,0.000,-0.131,0.004
212155,-0.042,-0.108,-0.924,-0.010,-0.047,0.007
212155,0.025,-0.127,-1.036,-0.011,0.119,0.008
212155,0.021,-0.128,-1.044,0.016,0.147,0.004
212155,0.024,-0.125,-0.999,0.009,-0.026,0.003
212155,0.038,-0.116,-1.038,0.004,-0.119,0.005
212155,0.053,-0.124,-0.997,0.010,-0.112,0.010
212155,-0.016,-0.125,-0.961,0.003,-0.034,0.001
212155,-0.025,-0.118,-0.905,-0.100,-0.001,-0.073
212155,0.043,-0.129,-1.020,0.099,-0.067,0.068
212155,-0.036,-0.097,-0.974,-0.064,-0.072,0.088
212155,0.001,-0.110,-0.973,-0.150,-0.006,-0.100
212155,-0.017,-0.077,-1.088,-0.057,0.010,-0.374
212155,0.025,-0.105,-0.985,-0.005,0.041,-0.422
212155,0.069,-0.138,-1.011,0.011,-0.154,-0.043
212155,0.018,-0.116,-0.971,0.000,-0.018,0.003
212155,0.042,-0.125,-1.044,0.007,0.122,0.000
212155,0.070,-0.102,-1.031,0.009,-0.146,0.003
212155,0.024,-0.103,-1.020,-0.004,-0.011,0.010
212155,0.014,-0.110,-1.003,0.000,0.049,0.005
212155,-0.004,-0.091,-0.978,-0.001,0.142,0.000
212155,0.073,-0.112,-1.043,-0.006,0.081,0.003
212155,0.009,-0.117,-0.967,0.000,-0.099,-0.002
212155,-0.045,-0.103,-0.967,0.003,-0.049,-0.000
212155,0.075,-0.124,-1.050,0.014,-0.177,0.010
212155,0.009,-0.127,-0.973,-0.010,-0.019,0.007
212156,0.027,-0.111,-0.984,-0.016,0.071,0.003
212156,0.016,-0.100,-0.991,0.000,0.026,0.010
212156,0.020,-0.115,-1.019,-0.001,0.071,0.005
212156,-0.010,-0.121,-0.980,0.004,0.043,-0.001
212156,0.034,-0.102,-1.015,0.005,-0.041,0.004
212156,0.032,-0.115,-1.022,0.014,-0.072,0.005
212156,0.006,-0.110,-0.966,0.015,-0.008,0.004
212156,0.062,-0.121,-1.001,0.006,0.025,0.000
212156,-0.005,-0.112,-0.964,0.005,-0.033,0.005
212156,-0.027,-0.119,-0.966,0.002,0.070,0.008
212156,0.034,-0.103,-0.995,-0.007,0.024,-0.011
212156,-0.007,-0.101,-1.024,-0.014,-0.005,0.000
212156,0.037,-0.114,-1.003,-0.003,0.019,0.010
212156,0.004,-0.124,-1.012,-0.004,0.013,-0.002
212156,0.031,-0.095,-0.991,0.008,-0.192,-0.000
212156,0.088,-0.114,-1.072,0.014,-0.043,0.011
212156,0.015,-0.120,-0.923,-0.007,0.185,-0.001
212156,0.007,-0.113,-1.030,0.006,0.068,0.009
212156,-0.003,-0.121,-0.978,-0.002,-0.092,0.005
212156,0.032,-0.115,-0.992,-0.006,0.061,0.003
212156,0.009,-0.120,-1.036,-0.007,0.123,0.009
212156,-0.062,-0.113,-0.958,0.007,0.029,-0.001
212156,0.118,-0.128,-1.068,0.003,-0.238,0.007
212156,-0.024,-0.119,-0.932,-0.030,0.122,0.009
212156,0.031,-0.115,-1.021,-0.006,0.106,0.002
212156,-0.009,-0.094,-0.953,0.001,-0.028,0.005
212156,0.056,-0.123,-1.028,0.004,0.055,-0.002
212156,-0.033,-0.118,-0.992,0.009,0.049,0.011
212156,0.044,-0.116,-0.982,0.005,-0.082,0.000
212157,0.061,-0.138,-1.029,0.016,-0.136,0.004
212157,0.020,-0.125,-0.938,0.002,0.015,0.007
212157,-0.027,-0.104,-1.005,-0.004,0.069,-0.001
212157,0.006,-0.100,-1.009,0.003,-0.001,0.011
212157,0.055,-0.130,-0.978,0.002,0.045,0.007
212157,0.017,-0.115,-0.937,0.007,0.082,0.001
212157,-0.002,-0.111,-1.009,0.004,0.056,-0.002
212157,0.083,-0.116,-1.050,-0.067,-0.049,0.002
212157,-0.011,-0.099,-0.978,-0.007,-0.014,-0.000
